Order_ID,Order_Date,Customer_ID,Product_ID,Product_Name,Category,Quantity,Unit_Price,Discount,Sales,Profit,Region,Payment_Mode
ORD0001,2024-01-01 00:00:00.000000,CUST0157,PROD0004,Novel,Books,4,34055,0,136220.0,17218.41,Central,Credit Card
ORD0002,2024-01-01 08:46:07.567567,CUST0251,PROD0003,Bottle,Home & Kitchen,1,40690,15,34586.5,4774.4,South,Cash on Delivery
ORD0003,2024-01-01 17:32:15.135135,CUST0097,PROD0064,Shoes,Clothing,4,24011,20,76835.2,12008.76,East,Credit Card
ORD0004,2024-01-02 02:18:22.702702,CUST0018,PROD0029,Bottle,Home & Kitchen,2,26422,0,52844.0,12431.53,South,UPI
ORD0005,2024-01-02 11:04:30.270270,CUST0097,PROD0011,Coffee Maker,Home & Kitchen,2,58293,5,110756.7,12426.56,East,UPI
ORD0006,2024-01-02 19:50:37.837837,CUST0001,PROD0097,Desk,Furniture,5,9460,20,37840.0,3059.53,West,UPI
ORD0007,2024-01-03 04:36:45.405405,CUST0216,PROD0058,Jeans,Clothing,3,27513,20,66031.2,5957.1,Central,Credit Card
ORD0008,2024-01-03 13:22:52.972972,CUST0132,PROD0075,T-Shirt,Clothing,5,50552,15,214846.0,50233.2,South,UPI
ORD0009,2024-01-03 22:09:00.540540,CUST0260,PROD0027,Shoes,Clothing,4,39720,10,142992.0,27179.6,West,Cash on Delivery
ORD0010,2024-01-04 06:55:08.108108,CUST0125,PROD0097,Cookware Set,Home & Kitchen,5,58084,10,261378.0,33042.6,East,Debit Card
ORD0011,2024-01-04 15:41:15.675675,CUST0082,PROD0021,Python Book,Books,1,7721,15,6562.85,722.72,South,Cash on Delivery
ORD0012,2024-01-05 00:27:23.243243,CUST0283,PROD0039,Jacket,Clothing,4,21700,15,73780.0,9593.27,South,Credit Card
ORD0013,2024-01-05 09:13:30.810810,CUST0171,PROD0095,Coffee Maker,Home & Kitchen,2,33837,15,57522.9,5724.42,West,UPI
ORD0014,2024-01-05 17:59:38.378378,CUST0059,PROD0046,Chair,Furniture,3,18027,10,48672.9,11684.45,South,Credit Card
ORD0015,2024-01-06 02:45:45.945945,CUST0032,PROD0066,Data Science Book,Books,4,47182,15,160418.8,34219.74,Central,Debit Card
ORD0016,2024-01-06 11:31:53.513513,CUST0161,PROD0091,Chair,Furniture,4,4658,0,18632.0,2955.16,Central,Credit Card
ORD0017,2024-01-06 20:18:01.081081,CUST0284,PROD0036,Business Book,Books,1,28782,20,23025.6,5227.82,West,UPI
ORD0018,2024-01-07 05:04:08.648648,CUST0106,PROD0075,Coffee Maker,Home & Kitchen,3,59221,20,142130.4,17397.88,East,Debit Card
ORD0019,2024-01-07 13:50:16.216216,CUST0105,PROD0082,Smartphone,Electronics,2,32417,5,61592.3,12436.13,West,Debit Card
ORD0020,2024-01-07 22:36:23.783783,CUST0228,PROD0065,Novel,Books,4,23464,5,89163.2,20110.09,Central,UPI
ORD0021,2024-01-08 07:22:31.351351,CUST0188,PROD0063,Chair,Furniture,4,32210,20,103072.0,14497.15,North,UPI
ORD0022,2024-01-08 16:08:38.918918,CUST0070,PROD0099,Mixer,Home & Kitchen,1,32796,0,32796.0,6846.79,North,UPI
ORD0023,2024-01-09 00:54:46.486486,CUST0290,PROD0035,Data Science Book,Books,5,56054,10,252243.0,32832.53,South,Credit Card
ORD0024,2024-01-09 09:40:54.054054,CUST0087,PROD0031,Mouse,Electronics,2,44611,10,80299.8,10503.67,South,Cash on Delivery
ORD0025,2024-01-09 18:27:01.621621,CUST0056,PROD0028,Laptop,Electronics,3,29671,0,89013.0,8741.05,North,Credit Card
ORD0026,2024-01-10 03:13:09.189189,CUST0113,PROD0001,Hoodie,Clothing,4,51801,10,186483.6,28869.5,Central,Credit Card
ORD0027,2024-01-10 11:59:16.756756,CUST0013,PROD0025,T-Shirt,Clothing,4,38767,15,131807.8,26895.52,South,Cash on Delivery
ORD0028,2024-01-10 20:45:24.324324,CUST0018,PROD0043,Table,Furniture,2,17925,20,28680.0,6878.54,West,UPI
ORD0029,2024-01-11 05:31:31.891891,CUST0182,PROD0084,Novel,Books,5,34193,20,136772.0,24980.79,West,UPI
ORD0030,2024-01-11 14:17:39.459459,CUST0113,PROD0067,Python Book,Books,4,11093,0,44372.0,10060.6,Central,Cash on Delivery
ORD0031,2024-01-11 23:03:47.027027,CUST0229,PROD0063,Hoodie,Clothing,2,31307,10,56352.6,12387.66,South,Cash on Delivery
ORD0032,2024-01-12 07:49:54.594594,CUST0171,PROD0051,SQL Book,Books,1,26066,5,24762.7,2710.73,West,Credit Card
ORD0033,2024-01-12 16:36:02.162162,CUST0295,PROD0002,Python Book,Books,5,39832,5,189202.0,30762.16,South,Debit Card
ORD0034,2024-01-13 01:22:09.729729,CUST0189,PROD0082,Headphones,Electronics,3,54553,10,147293.1,14711.19,South,Cash on Delivery
ORD0035,2024-01-13 10:08:17.297297,CUST0079,PROD0064,Shoes,Clothing,4,12623,5,47967.4,9399.98,West,Credit Card
ORD0036,2024-01-13 18:54:24.864864,CUST0146,PROD0074,Mixer,Home & Kitchen,2,46099,0,92198.0,22264.24,North,Debit Card
ORD0037,2024-01-14 03:40:32.432432,CUST0182,PROD0069,Jeans,Clothing,1,47120,0,47120.0,4867.74,West,UPI
ORD0038,2024-01-14 12:26:40.000000,CUST0286,PROD0009,Lamp,Home & Kitchen,3,45708,10,123411.6,25269.78,Central,UPI
ORD0039,2024-01-14 21:12:47.567567,CUST0250,PROD0002,Smartphone,Electronics,2,8143,5,15471.7,2900.64,East,Credit Card
ORD0040,2024-01-15 05:58:55.135135,CUST0196,PROD0034,Table,Furniture,2,14510,0,29020.0,5200.76,West,Credit Card
ORD0041,2024-01-15 14:45:02.702702,CUST0071,PROD0060,Data Science Book,Books,3,16756,0,50268.0,7355.24,South,Cash on Delivery
ORD0042,2024-01-15 23:31:10.270270,CUST0248,PROD0061,Smartphone,Electronics,1,31667,15,26916.95,3778.4,South,UPI
ORD0043,2024-01-16 08:17:17.837837,CUST0146,PROD0031,Data Science Book,Books,1,54924,15,46685.4,4093.95,West,Credit Card
ORD0044,2024-01-16 17:03:25.405405,CUST0106,PROD0010,Chair,Furniture,5,10406,0,52030.0,6089.82,East,UPI
ORD0045,2024-01-17 01:49:32.972972,CUST0263,PROD0076,Bookshelf,Furniture,4,38257,10,137725.2,11373.36,West,UPI
ORD0046,2024-01-17 10:35:40.540540,CUST0296,PROD0036,Headphones,Electronics,3,2772,20,6652.8,1189.79,East,Cash on Delivery
ORD0047,2024-01-17 19:21:48.108108,CUST0070,PROD0085,Sofa,Furniture,3,50159,20,120381.6,11796.8,East,Debit Card
ORD0048,2024-01-18 04:07:55.675675,CUST0193,PROD0049,Lamp,Home & Kitchen,3,51256,0,153768.0,35122.66,Central,Cash on Delivery
ORD0049,2024-01-18 12:54:03.243243,CUST0068,PROD0070,Bookshelf,Furniture,1,7004,0,7004.0,1183.22,South,Credit Card
ORD0050,2024-01-18 21:40:10.810810,CUST0052,PROD0049,Python Book,Books,4,4013,0,16052.0,3193.5,South,Cash on Delivery
ORD0051,2024-01-19 06:26:18.378378,CUST0285,PROD0003,Novel,Books,5,5351,10,24079.5,3608.21,East,Cash on Delivery
ORD0052,2024-01-19 15:12:25.945945,CUST0009,PROD0074,Business Book,Books,2,11056,15,18795.2,3294.77,South,UPI
ORD0053,2024-01-19 23:58:33.513513,CUST0251,PROD0005,Python Book,Books,2,2775,0,5550.0,1333.4,North,Cash on Delivery
ORD0054,2024-01-20 08:44:41.081081,CUST0298,PROD0090,Mixer,Home & Kitchen,3,36678,0,110034.0,10350.32,East,Credit Card
ORD0055,2024-01-20 17:30:48.648648,CUST0184,PROD0061,Hoodie,Clothing,4,4555,5,17309.0,2131.94,South,Debit Card
ORD0056,2024-01-21 02:16:56.216216,CUST0179,PROD0085,Headphones,Electronics,1,14784,10,13305.6,2828.74,North,Cash on Delivery
ORD0057,2024-01-21 11:03:03.783783,CUST0198,PROD0090,SQL Book,Books,4,56849,0,227396.0,22008.6,Central,Cash on Delivery
ORD0058,2024-01-21 19:49:11.351351,CUST0128,PROD0026,Sofa,Furniture,4,34803,5,132251.4,12281.18,South,Debit Card
ORD0059,2024-01-22 04:35:18.918918,CUST0020,PROD0072,SQL Book,Books,1,59229,20,47383.2,6702.92,North,Credit Card
ORD0060,2024-01-22 13:21:26.486486,CUST0065,PROD0005,Desk,Furniture,3,8558,0,25674.0,2456.19,West,Credit Card
ORD0061,2024-01-22 22:07:34.054054,CUST0182,PROD0015,Chair,Furniture,4,41047,0,164188.0,29465.73,West,Cash on Delivery
ORD0062,2024-01-23 06:53:41.621621,CUST0241,PROD0016,Python Book,Books,2,35496,5,67442.4,7989.68,North,UPI
ORD0063,2024-01-23 15:39:49.189189,CUST0024,PROD0001,Bottle,Home & Kitchen,1,45413,10,40871.7,9493.21,East,Cash on Delivery
ORD0064,2024-01-24 00:25:56.756756,CUST0083,PROD0016,Chair,Furniture,5,40494,0,202470.0,43165.59,East,Debit Card
ORD0065,2024-01-24 09:12:04.324324,CUST0185,PROD0037,Chair,Furniture,3,8833,20,21199.2,4217.58,South,Debit Card
ORD0066,2024-01-24 17:58:11.891891,CUST0099,PROD0003,Novel,Books,1,32881,0,32881.0,6079.06,West,Debit Card
ORD0067,2024-01-25 02:44:19.459459,CUST0062,PROD0052,Sofa,Furniture,5,5549,20,22196.0,5033.81,East,Cash on Delivery
ORD0068,2024-01-25 11:30:27.027027,CUST0286,PROD0047,Desk,Furniture,5,54743,15,232657.75,27435.13,East,Cash on Delivery
ORD0069,2024-01-25 20:16:34.594594,CUST0022,PROD0095,Python Book,Books,4,19501,15,66303.4,15145.59,West,Credit Card
ORD0070,2024-01-26 05:02:42.162162,CUST0212,PROD0013,Python Book,Books,4,58876,20,188403.2,40358.54,Central,UPI
ORD0071,2024-01-26 13:48:49.729729,CUST0126,PROD0080,Mouse,Electronics,4,53326,10,191973.6,39774.5,East,Cash on Delivery
ORD0072,2024-01-26 22:34:57.297297,CUST0042,PROD0055,Lamp,Home & Kitchen,1,9986,0,9986.0,1751.68,North,Credit Card
ORD0073,2024-01-27 07:21:04.864864,CUST0098,PROD0021,Lamp,Home & Kitchen,1,47177,0,47177.0,5749.06,South,Cash on Delivery
ORD0074,2024-01-27 16:07:12.432432,CUST0031,PROD0066,Bookshelf,Furniture,3,53663,15,136840.65,20800.21,East,Credit Card
ORD0075,2024-01-28 00:53:20.000000,CUST0158,PROD0054,Coffee Maker,Home & Kitchen,4,32307,20,103382.4,22217.6,East,Credit Card
ORD0076,2024-01-28 09:39:27.567567,CUST0112,PROD0027,Chair,Furniture,5,961,0,4805.0,410.36,Central,UPI
ORD0077,2024-01-28 18:25:35.135135,CUST0247,PROD0038,Mouse,Electronics,2,45143,0,90286.0,19226.28,North,Cash on Delivery
ORD0078,2024-01-29 03:11:42.702702,CUST0122,PROD0090,Business Book,Books,3,30437,10,82179.9,9928.32,South,Credit Card
ORD0079,2024-01-29 11:57:50.270270,CUST0273,PROD0058,Data Science Book,Books,1,47856,5,45463.2,4752.38,East,Debit Card
ORD0080,2024-01-29 20:43:57.837837,CUST0294,PROD0062,SQL Book,Books,3,43128,15,109976.4,10961.26,South,Debit Card
ORD0081,2024-01-30 05:30:05.405405,CUST0207,PROD0046,Mixer,Home & Kitchen,3,48904,15,124705.2,10554.11,West,Debit Card
ORD0082,2024-01-30 14:16:12.972972,CUST0110,PROD0089,Headphones,Electronics,3,10826,5,30854.1,5214.64,East,UPI
ORD0083,2024-01-30 23:02:20.540540,CUST0278,PROD0011,Cookware Set,Home & Kitchen,3,3674,0,11022.0,1290.72,East,Credit Card
ORD0084,2024-01-31 07:48:28.108108,CUST0056,PROD0072,Cookware Set,Home & Kitchen,2,25892,10,46605.6,11567.67,West,UPI
ORD0085,2024-01-31 16:34:35.675675,CUST0057,PROD0008,Keyboard,Electronics,4,29282,10,105415.2,18727.46,Central,Cash on Delivery
ORD0086,2024-02-01 01:20:43.243243,CUST0291,PROD0097,Laptop,Electronics,5,507,15,2154.75,222.89,East,Cash on Delivery
ORD0087,2024-02-01 10:06:50.810810,CUST0114,PROD0071,Smartphone,Electronics,3,35733,10,96479.1,19015.03,South,Credit Card
ORD0088,2024-02-01 18:52:58.378378,CUST0198,PROD0064,Headphones,Electronics,3,51945,5,148043.25,34437.29,North,Debit Card
ORD0089,2024-02-02 03:39:05.945945,CUST0179,PROD0021,Novel,Books,3,23497,0,70491.0,14569.12,South,Credit Card
ORD0090,2024-02-02 12:25:13.513513,CUST0219,PROD0072,T-Shirt,Clothing,4,33700,5,128060.0,11908.91,Central,Credit Card
ORD0091,2024-02-02 21:11:21.081081,CUST0277,PROD0063,Hoodie,Clothing,1,59746,20,47796.8,11103.21,North,Credit Card
ORD0092,2024-02-03 05:57:28.648648,CUST0016,PROD0085,Headphones,Electronics,1,3383,15,2875.55,618.15,South,UPI
ORD0093,2024-02-03 14:43:36.216216,CUST0061,PROD0064,Jeans,Clothing,2,29628,10,53330.4,5701.64,South,Cash on Delivery
ORD0094,2024-02-03 23:29:43.783783,CUST0054,PROD0020,Jeans,Clothing,1,46779,20,37423.2,3323.31,West,Credit Card
ORD0095,2024-02-04 08:15:51.351351,CUST0168,PROD0008,Headphones,Electronics,3,43191,10,116615.7,20377.75,Central,Credit Card
ORD0096,2024-02-04 17:01:58.918918,CUST0026,PROD0058,Jeans,Clothing,3,20403,0,61209.0,6520.36,West,Credit Card
ORD0097,2024-02-05 01:48:06.486486,CUST0065,PROD0046,Bottle,Home & Kitchen,3,40191,0,120573.0,26752.79,North,UPI
ORD0098,2024-02-05 10:34:14.054054,CUST0100,PROD0031,Chair,Furniture,2,11054,0,22108.0,3115.39,West,UPI
ORD0099,2024-02-05 19:20:21.621621,CUST0074,PROD0093,Sofa,Furniture,3,34747,10,93816.9,22064.96,Central,UPI
ORD0100,2024-02-06 04:06:29.189189,CUST0192,PROD0009,Smartphone,Electronics,1,16201,20,12960.8,2283.27,East,Credit Card
ORD0101,2024-02-06 12:52:36.756756,CUST0171,PROD0015,Business Book,Books,4,33304,0,133216.0,14794.21,East,Debit Card
ORD0102,2024-02-06 21:38:44.324324,CUST0273,PROD0094,Laptop,Electronics,4,7746,20,24787.2,2571.22,North,Debit Card
ORD0103,2024-02-07 06:24:51.891891,CUST0187,PROD0026,Python Book,Books,5,37511,10,168799.5,30046.36,East,Debit Card
ORD0104,2024-02-07 15:10:59.459459,CUST0023,PROD0010,Bookshelf,Furniture,1,56222,20,44977.6,9423.72,West,Cash on Delivery
ORD0105,2024-02-07 23:57:07.027027,CUST0181,PROD0029,Headphones,Electronics,3,48531,10,131033.7,27891.3,North,Credit Card
ORD0106,2024-02-08 08:43:14.594594,CUST0108,PROD0080,Coffee Maker,Home & Kitchen,4,29601,10,106563.6,13520.66,Central,Debit Card
ORD0107,2024-02-08 17:29:22.162162,CUST0162,PROD0036,T-Shirt,Clothing,1,26416,15,22453.6,2575.92,North,Debit Card
ORD0108,2024-02-09 02:15:29.729729,CUST0206,PROD0084,Business Book,Books,4,55551,10,199983.6,16568.36,North,Debit Card
ORD0109,2024-02-09 11:01:37.297297,CUST0078,PROD0037,Jacket,Clothing,3,41623,10,112382.1,21966.64,South,Credit Card
ORD0110,2024-02-09 19:47:44.864864,CUST0016,PROD0086,Jacket,Clothing,4,19052,5,72397.6,6734.18,South,Debit Card
ORD0111,2024-02-10 04:33:52.432432,CUST0096,PROD0071,Laptop,Electronics,5,32676,0,163380.0,24756.87,North,Debit Card
ORD0112,2024-02-10 13:20:00.000000,CUST0147,PROD0023,Shoes,Clothing,5,16969,15,72118.25,13146.15,East,Credit Card
ORD0113,2024-02-10 22:06:07.567567,CUST0002,PROD0041,Cookware Set,Home & Kitchen,4,33216,15,112934.4,27026.16,South,Cash on Delivery
ORD0114,2024-02-11 06:52:15.135135,CUST0010,PROD0093,Jacket,Clothing,1,13695,15,11640.75,1548.29,Central,UPI
ORD0115,2024-02-11 15:38:22.702702,CUST0125,PROD0080,Headphones,Electronics,1,20721,5,19684.95,2410.64,West,Debit Card
ORD0116,2024-02-12 00:24:30.270270,CUST0081,PROD0028,Bottle,Home & Kitchen,1,56001,10,50400.9,9637.02,South,UPI
ORD0117,2024-02-12 09:10:37.837837,CUST0140,PROD0048,Sofa,Furniture,4,56573,0,226292.0,41925.26,North,Cash on Delivery
ORD0118,2024-02-12 17:56:45.405405,CUST0150,PROD0038,Hoodie,Clothing,1,26642,20,21313.6,2908.43,East,Cash on Delivery
ORD0119,2024-02-13 02:42:52.972972,CUST0288,PROD0031,Mouse,Electronics,3,5195,10,14026.5,3335.18,West,Debit Card
ORD0120,2024-02-13 11:29:00.540540,CUST0129,PROD0014,Table,Furniture,5,54732,5,259977.0,58137.77,South,Credit Card
ORD0121,2024-02-13 20:15:08.108108,CUST0239,PROD0097,Table,Furniture,3,50464,10,136252.8,16088.33,East,Cash on Delivery
ORD0122,2024-02-14 05:01:15.675675,CUST0058,PROD0073,Python Book,Books,1,11323,10,10190.7,1229.55,East,UPI
ORD0123,2024-02-14 13:47:23.243243,CUST0198,PROD0091,Coffee Maker,Home & Kitchen,3,10999,5,31347.15,5237.83,East,UPI
ORD0124,2024-02-14 22:33:30.810810,CUST0211,PROD0088,Jacket,Clothing,1,10015,15,8512.75,1800.51,North,UPI
ORD0125,2024-02-15 07:19:38.378378,CUST0045,PROD0077,Mouse,Electronics,4,19469,15,66194.6,5791.16,Central,UPI
ORD0126,2024-02-15 16:05:45.945945,CUST0097,PROD0090,Data Science Book,Books,3,53177,0,159531.0,31565.92,East,Cash on Delivery
ORD0127,2024-02-16 00:51:53.513513,CUST0279,PROD0029,Bottle,Home & Kitchen,4,16463,0,65852.0,12525.06,West,Debit Card
ORD0128,2024-02-16 09:38:01.081081,CUST0023,PROD0051,Business Book,Books,4,54028,15,183695.2,21924.32,South,Debit Card
ORD0129,2024-02-16 18:24:08.648648,CUST0044,PROD0049,Bottle,Home & Kitchen,2,6082,20,9731.2,1905.66,West,UPI
ORD0130,2024-02-17 03:10:16.216216,CUST0027,PROD0043,Cookware Set,Home & Kitchen,1,22941,10,20646.9,4951.77,North,Debit Card
ORD0131,2024-02-17 11:56:23.783783,CUST0282,PROD0092,Jeans,Clothing,5,59245,20,236980.0,20843.24,North,UPI
ORD0132,2024-02-17 20:42:31.351351,CUST0097,PROD0092,Mixer,Home & Kitchen,1,19092,10,17182.8,2308.35,West,UPI
ORD0133,2024-02-18 05:28:38.918918,CUST0036,PROD0072,Business Book,Books,5,49792,15,211616.0,32692.56,Central,Credit Card
ORD0134,2024-02-18 14:14:46.486486,CUST0109,PROD0087,Bottle,Home & Kitchen,1,35885,0,35885.0,8356.69,North,Cash on Delivery
ORD0135,2024-02-18 23:00:54.054054,CUST0055,PROD0093,Jacket,Clothing,4,30982,0,123928.0,30186.93,North,Cash on Delivery
ORD0136,2024-02-19 07:47:01.621621,CUST0192,PROD0005,Jeans,Clothing,3,48164,20,115593.6,17974.76,West,UPI
ORD0137,2024-02-19 16:33:09.189189,CUST0219,PROD0042,SQL Book,Books,3,19180,0,57540.0,11939.83,North,Cash on Delivery
ORD0138,2024-02-20 01:19:16.756756,CUST0185,PROD0007,Bookshelf,Furniture,2,55414,15,94203.8,16050.67,Central,Debit Card
ORD0139,2024-02-20 10:05:24.324324,CUST0069,PROD0042,Sofa,Furniture,5,38367,20,153468.0,26307.96,Central,UPI
ORD0140,2024-02-20 18:51:31.891891,CUST0130,PROD0036,Bottle,Home & Kitchen,5,42985,10,193432.5,24619.49,Central,Credit Card
ORD0141,2024-02-21 03:37:39.459459,CUST0055,PROD0027,Mouse,Electronics,5,57026,0,285130.0,33326.72,South,Debit Card
ORD0142,2024-02-21 12:23:47.027027,CUST0097,PROD0058,Coffee Maker,Home & Kitchen,4,18373,5,69817.4,9003.72,Central,Credit Card
ORD0143,2024-02-21 21:09:54.594594,CUST0087,PROD0046,Python Book,Books,5,36335,0,181675.0,31716.05,Central,Credit Card
ORD0144,2024-02-22 05:56:02.162162,CUST0294,PROD0066,SQL Book,Books,3,37474,10,101179.8,8595.87,South,Cash on Delivery
ORD0145,2024-02-22 14:42:09.729729,CUST0119,PROD0025,Business Book,Books,4,25137,20,80438.4,18841.27,East,Cash on Delivery
ORD0146,2024-02-22 23:28:17.297297,CUST0208,PROD0073,Novel,Books,1,18126,10,16313.4,1738.49,North,UPI
ORD0147,2024-02-23 08:14:24.864864,CUST0154,PROD0027,Data Science Book,Books,5,25281,5,120084.75,14099.76,Central,Cash on Delivery
ORD0148,2024-02-23 17:00:32.432432,CUST0035,PROD0001,Shoes,Clothing,5,10682,15,45398.5,7631.8,North,Credit Card
ORD0149,2024-02-24 01:46:40.000000,CUST0079,PROD0087,Table,Furniture,1,4737,0,4737.0,950.81,West,Credit Card
ORD0150,2024-02-24 10:32:47.567567,CUST0067,PROD0074,Novel,Books,5,5735,20,22940.0,2208.52,North,Debit Card
ORD0151,2024-02-24 19:18:55.135135,CUST0034,PROD0042,Laptop,Electronics,1,25119,15,21351.15,2861.23,South,Credit Card
ORD0152,2024-02-25 04:05:02.702702,CUST0097,PROD0052,Smartphone,Electronics,4,37175,10,133830.0,32744.81,North,UPI
ORD0153,2024-02-25 12:51:10.270270,CUST0169,PROD0025,Headphones,Electronics,3,32282,20,77476.8,9653.48,North,UPI
ORD0154,2024-02-25 21:37:17.837837,CUST0169,PROD0054,Laptop,Electronics,1,33628,15,28583.8,3807.89,North,Cash on Delivery
ORD0155,2024-02-26 06:23:25.405405,CUST0151,PROD0067,Jeans,Clothing,2,12629,20,20206.4,4489.96,East,Cash on Delivery
ORD0156,2024-02-26 15:09:32.972972,CUST0071,PROD0006,Headphones,Electronics,1,25469,5,24195.55,2142.19,East,Cash on Delivery
ORD0157,2024-02-26 23:55:40.540540,CUST0003,PROD0058,Python Book,Books,5,22232,5,105602.0,16789.05,West,UPI
ORD0158,2024-02-27 08:41:48.108108,CUST0032,PROD0070,Mixer,Home & Kitchen,4,34894,0,139576.0,20173.6,South,Credit Card
ORD0159,2024-02-27 17:27:55.675675,CUST0287,PROD0053,Smartphone,Electronics,4,11721,0,46884.0,6274.01,North,Cash on Delivery
ORD0160,2024-02-28 02:14:03.243243,CUST0082,PROD0066,Hoodie,Clothing,1,45333,5,43066.35,5536.99,North,Debit Card
ORD0161,2024-02-28 11:00:10.810810,CUST0043,PROD0058,T-Shirt,Clothing,3,7929,20,19029.6,1817.97,North,Cash on Delivery
ORD0162,2024-02-28 19:46:18.378378,CUST0105,PROD0082,Laptop,Electronics,2,8625,5,16387.5,2188.07,North,UPI
ORD0163,2024-02-29 04:32:25.945945,CUST0001,PROD0087,Lamp,Home & Kitchen,4,52590,0,210360.0,18368.41,East,Cash on Delivery
ORD0164,2024-02-29 13:18:33.513513,CUST0061,PROD0002,Keyboard,Electronics,5,28795,5,136776.25,29101.04,West,Credit Card
ORD0165,2024-02-29 22:04:41.081081,CUST0270,PROD0076,Jeans,Clothing,5,32050,5,152237.5,22485.28,Central,Cash on Delivery
ORD0166,2024-03-01 06:50:48.648648,CUST0180,PROD0022,Table,Furniture,3,29919,20,71805.6,11163.16,South,UPI
ORD0167,2024-03-01 15:36:56.216216,CUST0224,PROD0037,Business Book,Books,4,40761,15,138587.4,32139.95,North,UPI
ORD0168,2024-03-02 00:23:03.783783,CUST0006,PROD0020,Hoodie,Clothing,1,8564,0,8564.0,1643.17,West,Debit Card
ORD0169,2024-03-02 09:09:11.351351,CUST0103,PROD0024,Smartphone,Electronics,5,12986,20,51944.0,4226.69,Central,UPI
ORD0170,2024-03-02 17:55:18.918918,CUST0010,PROD0084,Business Book,Books,3,46784,5,133334.4,32045.55,West,Debit Card
ORD0171,2024-03-03 02:41:26.486486,CUST0071,PROD0065,Headphones,Electronics,4,24526,5,93198.8,11213.17,East,Credit Card
ORD0172,2024-03-03 11:27:34.054054,CUST0090,PROD0065,Smartphone,Electronics,4,7021,15,23871.4,2346.43,Central,UPI
ORD0173,2024-03-03 20:13:41.621621,CUST0226,PROD0081,Desk,Furniture,4,56454,0,225816.0,47552.74,West,Cash on Delivery
ORD0174,2024-03-04 04:59:49.189189,CUST0158,PROD0001,SQL Book,Books,4,20909,0,83636.0,13806.73,East,Credit Card
ORD0175,2024-03-04 13:45:56.756756,CUST0228,PROD0094,Novel,Books,4,52430,10,188748.0,29018.31,West,Cash on Delivery
ORD0176,2024-03-04 22:32:04.324324,CUST0126,PROD0003,Chair,Furniture,5,7673,0,38365.0,4696.47,West,Cash on Delivery
ORD0177,2024-03-05 07:18:11.891891,CUST0209,PROD0046,Jeans,Clothing,3,38975,15,99386.25,17200.79,Central,Cash on Delivery
ORD0178,2024-03-05 16:04:19.459459,CUST0097,PROD0055,Laptop,Electronics,4,55549,10,199976.4,25326.09,East,Credit Card
ORD0179,2024-03-06 00:50:27.027027,CUST0074,PROD0075,Coffee Maker,Home & Kitchen,2,49195,10,88551.0,20656.21,North,Credit Card
ORD0180,2024-03-06 09:36:34.594594,CUST0115,PROD0088,Laptop,Electronics,2,29237,5,55550.3,6476.32,South,UPI
ORD0181,2024-03-06 18:22:42.162162,CUST0191,PROD0086,Smartphone,Electronics,3,5956,5,16974.6,3909.94,Central,Cash on Delivery
ORD0182,2024-03-07 03:08:49.729729,CUST0170,PROD0064,Shoes,Clothing,1,59629,0,59629.0,10440.97,East,Debit Card
ORD0183,2024-03-07 11:54:57.297297,CUST0204,PROD0045,Mouse,Electronics,1,9284,10,8355.6,1845.28,West,UPI
ORD0184,2024-03-07 20:41:04.864864,CUST0056,PROD0026,Table,Furniture,1,30284,5,28769.8,5788.02,East,Credit Card
ORD0185,2024-03-08 05:27:12.432432,CUST0208,PROD0077,Desk,Furniture,2,53711,15,91308.7,18119.13,South,Debit Card
ORD0186,2024-03-08 14:13:20.000000,CUST0041,PROD0065,Data Science Book,Books,1,8586,5,8156.7,1102.29,South,Credit Card
ORD0187,2024-03-08 22:59:27.567567,CUST0032,PROD0024,Mixer,Home & Kitchen,5,6201,5,29454.75,3527.57,North,Debit Card
ORD0188,2024-03-09 07:45:35.135135,CUST0015,PROD0074,Headphones,Electronics,4,31852,10,114667.2,13284.27,North,UPI
ORD0189,2024-03-09 16:31:42.702702,CUST0062,PROD0035,Smartphone,Electronics,2,26009,10,46816.2,10567.47,South,Debit Card
ORD0190,2024-03-10 01:17:50.270270,CUST0155,PROD0024,Shoes,Clothing,3,31355,20,75252.0,16515.75,Central,UPI
ORD0191,2024-03-10 10:03:57.837837,CUST0284,PROD0028,Desk,Furniture,3,37985,15,96861.75,15003.64,Central,Credit Card
ORD0192,2024-03-10 18:50:05.405405,CUST0209,PROD0100,Mixer,Home & Kitchen,4,8729,10,31424.4,3221.28,West,Debit Card
ORD0193,2024-03-11 03:36:12.972972,CUST0187,PROD0080,Business Book,Books,2,15016,0,30032.0,4354.13,North,Cash on Delivery
ORD0194,2024-03-11 12:22:20.540540,CUST0130,PROD0016,Table,Furniture,1,48863,15,41533.55,7695.68,West,Cash on Delivery
ORD0195,2024-03-11 21:08:28.108108,CUST0127,PROD0059,Business Book,Books,1,11438,15,9722.3,1528.82,North,Credit Card
ORD0196,2024-03-12 05:54:35.675675,CUST0292,PROD0081,T-Shirt,Clothing,5,35598,10,160191.0,34061.76,South,Debit Card
ORD0197,2024-03-12 14:40:43.243243,CUST0114,PROD0054,Jeans,Clothing,5,51412,15,218501.0,54536.95,Central,Cash on Delivery
ORD0198,2024-03-12 23:26:50.810810,CUST0199,PROD0079,Mouse,Electronics,1,23729,10,21356.1,2402.4,Central,UPI
ORD0199,2024-03-13 08:12:58.378378,CUST0013,PROD0016,Bottle,Home & Kitchen,3,50500,5,143925.0,22760.39,South,Debit Card
ORD0200,2024-03-13 16:59:05.945945,CUST0271,PROD0015,SQL Book,Books,3,6072,20,14572.8,2233.53,West,Debit Card
ORD0201,2024-03-14 01:45:13.513513,CUST0089,PROD0098,Table,Furniture,5,48544,5,230584.0,30382.61,West,Cash on Delivery
ORD0202,2024-03-14 10:31:21.081081,CUST0215,PROD0011,Shoes,Clothing,4,51981,10,187131.6,21272.42,East,UPI
ORD0203,2024-03-14 19:17:28.648648,CUST0278,PROD0065,Headphones,Electronics,1,48819,10,43937.1,4005.64,North,UPI
ORD0204,2024-03-15 04:03:36.216216,CUST0203,PROD0079,Laptop,Electronics,5,36032,5,171152.0,39503.64,West,UPI
ORD0205,2024-03-15 12:49:43.783783,CUST0074,PROD0090,Data Science Book,Books,5,40205,0,201025.0,30430.01,South,Debit Card
ORD0206,2024-03-15 21:35:51.351351,CUST0025,PROD0068,Hoodie,Clothing,1,17647,0,17647.0,2902.44,West,Credit Card
ORD0207,2024-03-16 06:21:58.918918,CUST0101,PROD0043,Bottle,Home & Kitchen,1,17220,0,17220.0,4061.86,Central,Debit Card
ORD0208,2024-03-16 15:08:06.486486,CUST0176,PROD0069,Jacket,Clothing,3,32122,10,86729.4,18383.98,North,Debit Card
ORD0209,2024-03-16 23:54:14.054054,CUST0117,PROD0099,SQL Book,Books,4,46959,15,159660.6,16314.95,East,Cash on Delivery
ORD0210,2024-03-17 08:40:21.621621,CUST0166,PROD0013,Business Book,Books,4,40408,10,145468.8,25620.17,North,Credit Card
ORD0211,2024-03-17 17:26:29.189189,CUST0041,PROD0010,Hoodie,Clothing,1,23863,15,20283.55,3147.66,Central,UPI
ORD0212,2024-03-18 02:12:36.756756,CUST0120,PROD0075,Data Science Book,Books,2,8267,5,15707.3,3385.33,Central,Cash on Delivery
ORD0213,2024-03-18 10:58:44.324324,CUST0097,PROD0082,Jacket,Clothing,5,45483,20,181932.0,36953.94,Central,Debit Card
ORD0214,2024-03-18 19:44:51.891891,CUST0145,PROD0098,Sofa,Furniture,5,12171,15,51726.75,10209.26,Central,Credit Card
ORD0215,2024-03-19 04:30:59.459459,CUST0216,PROD0041,T-Shirt,Clothing,1,29063,0,29063.0,4007.57,South,UPI
ORD0216,2024-03-19 13:17:07.027027,CUST0229,PROD0050,Jacket,Clothing,2,12216,10,21988.8,4768.14,East,UPI
ORD0217,2024-03-19 22:03:14.594594,CUST0130,PROD0087,Data Science Book,Books,3,9034,5,25746.9,2289.07,Central,Debit Card
ORD0218,2024-03-20 06:49:22.162162,CUST0137,PROD0071,SQL Book,Books,1,33913,0,33913.0,3633.31,Central,UPI
ORD0219,2024-03-20 15:35:29.729729,CUST0273,PROD0059,Mouse,Electronics,1,28479,5,27055.05,3708.06,West,UPI
ORD0220,2024-03-21 00:21:37.297297,CUST0117,PROD0039,Laptop,Electronics,5,55229,20,220916.0,20557.84,East,Credit Card
ORD0221,2024-03-21 09:07:44.864864,CUST0094,PROD0003,Table,Furniture,1,52488,10,47239.2,5666.3,North,Cash on Delivery
ORD0222,2024-03-21 17:53:52.432432,CUST0168,PROD0076,Keyboard,Electronics,1,55399,10,49859.1,11025.13,East,Credit Card
ORD0223,2024-03-22 02:40:00.000000,CUST0203,PROD0007,Shoes,Clothing,1,35562,20,28449.6,6862.12,East,Cash on Delivery
ORD0224,2024-03-22 11:26:07.567567,CUST0149,PROD0049,Data Science Book,Books,5,12977,10,58396.5,7695.63,East,Cash on Delivery
ORD0225,2024-03-22 20:12:15.135135,CUST0183,PROD0026,Headphones,Electronics,3,52171,15,133036.05,16625.21,Central,Cash on Delivery
ORD0226,2024-03-23 04:58:22.702702,CUST0152,PROD0033,Keyboard,Electronics,3,18568,5,52918.8,6751.47,Central,UPI
ORD0227,2024-03-23 13:44:30.270270,CUST0074,PROD0048,Bookshelf,Furniture,1,12630,0,12630.0,1606.69,South,Credit Card
ORD0228,2024-03-23 22:30:37.837837,CUST0274,PROD0079,Chair,Furniture,5,21033,20,84132.0,7244.45,North,UPI
ORD0229,2024-03-24 07:16:45.405405,CUST0042,PROD0002,Jacket,Clothing,3,38247,15,97529.85,23170.73,West,Debit Card
ORD0230,2024-03-24 16:02:52.972972,CUST0212,PROD0071,Business Book,Books,3,27586,0,82758.0,9627.13,East,Credit Card
ORD0231,2024-03-25 00:49:00.540540,CUST0101,PROD0032,Bookshelf,Furniture,3,6910,0,20730.0,3138.54,North,Cash on Delivery
ORD0232,2024-03-25 09:35:08.108108,CUST0045,PROD0004,Smartphone,Electronics,5,6730,20,26920.0,2197.93,North,UPI
ORD0233,2024-03-25 18:21:15.675675,CUST0082,PROD0020,Python Book,Books,5,40222,15,170943.5,38607.99,South,UPI
ORD0234,2024-03-26 03:07:23.243243,CUST0017,PROD0036,SQL Book,Books,1,14128,0,14128.0,2886.3,West,Credit Card
ORD0235,2024-03-26 11:53:30.810810,CUST0073,PROD0032,Smartphone,Electronics,4,43213,0,172852.0,41648.43,East,Credit Card
ORD0236,2024-03-26 20:39:38.378378,CUST0014,PROD0028,Desk,Furniture,3,31797,15,81082.35,17260.38,West,Cash on Delivery
ORD0237,2024-03-27 05:25:45.945945,CUST0157,PROD0077,Laptop,Electronics,4,39556,10,142401.6,18986.42,South,Cash on Delivery
ORD0238,2024-03-27 14:11:53.513513,CUST0223,PROD0001,Python Book,Books,5,54189,0,270945.0,33092.81,Central,Debit Card
ORD0239,2024-03-27 22:58:01.081081,CUST0132,PROD0060,Mixer,Home & Kitchen,5,55977,5,265890.75,52809.03,North,Cash on Delivery
ORD0240,2024-03-28 07:44:08.648648,CUST0047,PROD0056,Mixer,Home & Kitchen,5,36918,15,156901.5,22264.19,East,UPI
ORD0241,2024-03-28 16:30:16.216216,CUST0107,PROD0035,T-Shirt,Clothing,4,50141,0,200564.0,35350.72,Central,Debit Card
ORD0242,2024-03-29 01:16:23.783783,CUST0108,PROD0030,Mouse,Electronics,5,46632,20,186528.0,15120.66,South,Debit Card
ORD0243,2024-03-29 10:02:31.351351,CUST0265,PROD0054,Headphones,Electronics,1,26826,5,25484.7,2306.89,West,Debit Card
ORD0244,2024-03-29 18:48:38.918918,CUST0205,PROD0036,Jeans,Clothing,5,54627,0,273135.0,46709.51,North,Credit Card
ORD0245,2024-03-30 03:34:46.486486,CUST0079,PROD0055,T-Shirt,Clothing,2,30458,5,57870.2,10198.59,East,Cash on Delivery
ORD0246,2024-03-30 12:20:54.054054,CUST0155,PROD0089,Jacket,Clothing,4,25332,5,96261.6,19998.06,Central,Debit Card
ORD0247,2024-03-30 21:07:01.621621,CUST0271,PROD0080,Data Science Book,Books,2,38146,10,68662.8,7033.41,Central,Credit Card
ORD0248,2024-03-31 05:53:09.189189,CUST0247,PROD0058,Smartphone,Electronics,5,59774,5,283926.5,47484.19,North,Credit Card
ORD0249,2024-03-31 14:39:16.756756,CUST0019,PROD0083,Business Book,Books,1,45236,10,40712.4,4602.79,West,Debit Card
ORD0250,2024-03-31 23:25:24.324324,CUST0026,PROD0065,Shoes,Clothing,3,30094,15,76739.7,7354.99,South,Debit Card
ORD0251,2024-04-01 08:11:31.891891,CUST0217,PROD0069,Keyboard,Electronics,5,5748,10,25866.0,3874.32,West,UPI
ORD0252,2024-04-01 16:57:39.459459,CUST0154,PROD0051,Data Science Book,Books,1,50631,20,40504.8,4365.09,West,Debit Card
ORD0253,2024-04-02 01:43:47.027027,CUST0154,PROD0022,SQL Book,Books,4,29161,0,116644.0,13729.34,West,UPI
ORD0254,2024-04-02 10:29:54.594594,CUST0174,PROD0088,Shoes,Clothing,2,28441,15,48349.7,6478.1,North,Debit Card
ORD0255,2024-04-02 19:16:02.162162,CUST0092,PROD0053,Headphones,Electronics,2,9374,15,15935.8,1977.57,North,Debit Card
ORD0256,2024-04-03 04:02:09.729729,CUST0181,PROD0100,Hoodie,Clothing,2,6706,20,10729.6,1018.14,South,Cash on Delivery
ORD0257,2024-04-03 12:48:17.297297,CUST0131,PROD0036,Keyboard,Electronics,4,32123,10,115642.8,11019.11,West,Debit Card
ORD0258,2024-04-03 21:34:24.864864,CUST0298,PROD0068,Lamp,Home & Kitchen,1,58043,0,58043.0,6550.29,North,Debit Card
ORD0259,2024-04-04 06:20:32.432432,CUST0275,PROD0036,Bookshelf,Furniture,4,23591,10,84927.6,7524.17,South,UPI
ORD0260,2024-04-04 15:06:40.000000,CUST0273,PROD0052,Chair,Furniture,2,41868,5,79549.2,14835.74,South,UPI
ORD0261,2024-04-04 23:52:47.567567,CUST0076,PROD0053,Desk,Furniture,5,32303,10,145363.5,18729.44,West,Cash on Delivery
ORD0262,2024-04-05 08:38:55.135135,CUST0177,PROD0082,T-Shirt,Clothing,3,47151,15,120235.05,15336.8,East,Debit Card
ORD0263,2024-04-05 17:25:02.702702,CUST0184,PROD0050,Cookware Set,Home & Kitchen,4,34706,0,138824.0,18941.11,West,Debit Card
ORD0264,2024-04-06 02:11:10.270270,CUST0131,PROD0080,Laptop,Electronics,4,55123,10,198442.8,38235.04,East,UPI
ORD0265,2024-04-06 10:57:17.837837,CUST0049,PROD0041,Python Book,Books,1,23612,0,23612.0,5383.72,South,Credit Card
ORD0266,2024-04-06 19:43:25.405405,CUST0055,PROD0018,Keyboard,Electronics,1,43408,0,43408.0,9074.22,North,Credit Card
ORD0267,2024-04-07 04:29:32.972972,CUST0154,PROD0022,Data Science Book,Books,4,1682,5,6391.6,1301.84,Central,Credit Card
ORD0268,2024-04-07 13:15:40.540540,CUST0200,PROD0066,Mouse,Electronics,2,34471,5,65494.9,10632.87,South,UPI
ORD0269,2024-04-07 22:01:48.108108,CUST0118,PROD0021,Mixer,Home & Kitchen,3,42079,15,107301.45,21239.99,North,UPI
ORD0270,2024-04-08 06:47:55.675675,CUST0263,PROD0100,Business Book,Books,1,3592,20,2873.6,499.92,South,Credit Card
ORD0271,2024-04-08 15:34:03.243243,CUST0046,PROD0044,T-Shirt,Clothing,2,42079,0,84158.0,9826.51,West,Credit Card
ORD0272,2024-04-09 00:20:10.810810,CUST0189,PROD0047,Smartphone,Electronics,5,33487,20,133948.0,15465.64,East,Debit Card
ORD0273,2024-04-09 09:06:18.378378,CUST0129,PROD0039,Laptop,Electronics,1,12711,15,10804.35,1408.74,South,UPI
ORD0274,2024-04-09 17:52:25.945945,CUST0049,PROD0029,Novel,Books,2,37585,0,75170.0,17652.66,North,UPI
ORD0275,2024-04-10 02:38:33.513513,CUST0025,PROD0054,Jacket,Clothing,2,52754,0,105508.0,18259.27,West,Credit Card
ORD0276,2024-04-10 11:24:41.081081,CUST0266,PROD0090,Jeans,Clothing,3,57309,20,137541.6,28163.56,Central,Credit Card
ORD0277,2024-04-10 20:10:48.648648,CUST0118,PROD0085,Mixer,Home & Kitchen,3,15722,10,42449.4,5896.86,West,Cash on Delivery
ORD0278,2024-04-11 04:56:56.216216,CUST0144,PROD0017,Hoodie,Clothing,5,42768,5,203148.0,30332.37,East,UPI
ORD0279,2024-04-11 13:43:03.783783,CUST0200,PROD0080,Jeans,Clothing,2,32671,10,58807.8,5959.94,West,Cash on Delivery
ORD0280,2024-04-11 22:29:11.351351,CUST0157,PROD0060,Jeans,Clothing,2,57322,20,91715.2,10007.98,Central,Debit Card
ORD0281,2024-04-12 07:15:18.918918,CUST0134,PROD0031,Chair,Furniture,3,5993,5,17080.05,3768.72,North,Cash on Delivery
ORD0282,2024-04-12 16:01:26.486486,CUST0148,PROD0073,Cookware Set,Home & Kitchen,1,33835,10,30451.5,5463.69,South,Credit Card
ORD0283,2024-04-13 00:47:34.054054,CUST0071,PROD0095,Mouse,Electronics,1,51496,5,48921.2,6720.82,East,UPI
ORD0284,2024-04-13 09:33:41.621621,CUST0233,PROD0078,SQL Book,Books,4,15118,0,60472.0,13091.26,Central,UPI
ORD0285,2024-04-13 18:19:49.189189,CUST0299,PROD0049,Mouse,Electronics,3,31538,10,85152.6,10380.82,East,Cash on Delivery
ORD0286,2024-04-14 03:05:56.756756,CUST0154,PROD0002,Mixer,Home & Kitchen,4,31174,5,118461.2,29132.64,West,Cash on Delivery
ORD0287,2024-04-14 11:52:04.324324,CUST0090,PROD0048,Data Science Book,Books,3,27015,5,76992.75,10672.66,East,Debit Card
ORD0288,2024-04-14 20:38:11.891891,CUST0199,PROD0014,Cookware Set,Home & Kitchen,5,27905,5,132548.75,18204.62,Central,Debit Card
ORD0289,2024-04-15 05:24:19.459459,CUST0161,PROD0059,Jacket,Clothing,2,34617,10,62310.6,8288.87,South,Credit Card
ORD0290,2024-04-15 14:10:27.027027,CUST0026,PROD0097,Business Book,Books,5,31474,15,133764.5,13477.97,South,Credit Card
ORD0291,2024-04-15 22:56:34.594594,CUST0121,PROD0099,Jeans,Clothing,3,10256,10,27691.2,2738.47,East,Credit Card
ORD0292,2024-04-16 07:42:42.162162,CUST0212,PROD0058,Keyboard,Electronics,2,39208,20,62732.8,11930.39,North,Cash on Delivery
ORD0293,2024-04-16 16:28:49.729729,CUST0063,PROD0058,Headphones,Electronics,1,11137,10,10023.3,2293.03,East,Cash on Delivery
ORD0294,2024-04-17 01:14:57.297297,CUST0068,PROD0051,SQL Book,Books,1,4016,5,3815.2,817.93,West,UPI
ORD0295,2024-04-17 10:01:04.864864,CUST0253,PROD0084,Data Science Book,Books,4,4781,0,19124.0,1988.67,South,Credit Card
ORD0296,2024-04-17 18:47:12.432432,CUST0002,PROD0002,Cookware Set,Home & Kitchen,3,24582,10,66371.4,11465.59,South,Cash on Delivery
ORD0297,2024-04-18 03:33:20.000000,CUST0108,PROD0041,Mixer,Home & Kitchen,3,6848,10,18489.6,1811.07,South,UPI
ORD0298,2024-04-18 12:19:27.567567,CUST0286,PROD0083,Jacket,Clothing,1,51745,5,49157.75,4311.14,North,Credit Card
ORD0299,2024-04-18 21:05:35.135135,CUST0049,PROD0082,Novel,Books,5,37905,0,189525.0,36310.26,North,Debit Card
ORD0300,2024-04-19 05:51:42.702702,CUST0140,PROD0016,Keyboard,Electronics,2,8058,0,16116.0,2755.45,Central,Debit Card
ORD0301,2024-04-19 14:37:50.270270,CUST0218,PROD0004,Coffee Maker,Home & Kitchen,5,43968,20,175872.0,16522.12,East,Cash on Delivery
ORD0302,2024-04-19 23:23:57.837837,CUST0044,PROD0012,Cookware Set,Home & Kitchen,5,23477,10,105646.5,9079.23,East,UPI
ORD0303,2024-04-20 08:10:05.405405,CUST0269,PROD0029,Headphones,Electronics,1,24322,0,24322.0,6038.15,West,Debit Card
ORD0304,2024-04-20 16:56:12.972972,CUST0078,PROD0007,Coffee Maker,Home & Kitchen,1,41061,0,41061.0,3494.44,South,UPI
ORD0305,2024-04-21 01:42:20.540540,CUST0216,PROD0014,Jacket,Clothing,1,55459,15,47140.15,7333.58,North,UPI
ORD0306,2024-04-21 10:28:28.108108,CUST0098,PROD0012,SQL Book,Books,4,5842,15,19862.8,3292.96,West,Debit Card
ORD0307,2024-04-21 19:14:35.675675,CUST0236,PROD0099,Keyboard,Electronics,5,25776,0,128880.0,12879.96,West,UPI
ORD0308,2024-04-22 04:00:43.243243,CUST0282,PROD0005,Python Book,Books,3,31084,20,74601.6,8112.22,North,Debit Card
ORD0309,2024-04-22 12:46:50.810810,CUST0149,PROD0081,Bottle,Home & Kitchen,2,23040,0,46080.0,6442.3,East,Cash on Delivery
ORD0310,2024-04-22 21:32:58.378378,CUST0066,PROD0032,Coffee Maker,Home & Kitchen,4,59653,5,226681.4,47486.33,South,Credit Card
ORD0311,2024-04-23 06:19:05.945945,CUST0234,PROD0074,Laptop,Electronics,3,25117,10,67815.9,11271.27,East,Credit Card
ORD0312,2024-04-23 15:05:13.513513,CUST0087,PROD0043,Hoodie,Clothing,5,47896,20,191584.0,36102.72,West,Cash on Delivery
ORD0313,2024-04-23 23:51:21.081081,CUST0079,PROD0081,Table,Furniture,1,56832,5,53990.4,13361.53,South,Debit Card
ORD0314,2024-04-24 08:37:28.648648,CUST0205,PROD0069,Laptop,Electronics,5,16352,20,65408.0,13772.37,Central,Debit Card
ORD0315,2024-04-24 17:23:36.216216,CUST0279,PROD0045,Desk,Furniture,2,35453,5,67360.7,10362.87,West,Debit Card
ORD0316,2024-04-25 02:09:43.783783,CUST0254,PROD0009,Table,Furniture,4,47376,10,170553.6,26588.48,East,Debit Card
ORD0317,2024-04-25 10:55:51.351351,CUST0130,PROD0049,Shoes,Clothing,4,53720,10,193392.0,35814.51,East,Cash on Delivery
ORD0318,2024-04-25 19:41:58.918918,CUST0084,PROD0033,Table,Furniture,2,971,15,1650.7,318.77,East,Credit Card
ORD0319,2024-04-26 04:28:06.486486,CUST0276,PROD0100,Bookshelf,Furniture,3,463,5,1319.55,217.89,North,UPI
ORD0320,2024-04-26 13:14:14.054054,CUST0187,PROD0100,Jeans,Clothing,3,41724,15,106396.2,20175.53,West,UPI
ORD0321,2024-04-26 22:00:21.621621,CUST0046,PROD0018,Table,Furniture,4,44302,5,168347.6,14141.29,South,Credit Card
ORD0322,2024-04-27 06:46:29.189189,CUST0183,PROD0009,Bookshelf,Furniture,4,54044,15,183749.6,28120.28,East,Cash on Delivery
ORD0323,2024-04-27 15:32:36.756756,CUST0268,PROD0062,Desk,Furniture,1,5095,10,4585.5,584.28,East,UPI
ORD0324,2024-04-28 00:18:44.324324,CUST0296,PROD0057,Mouse,Electronics,3,10934,20,26241.6,2675.58,North,Credit Card
ORD0325,2024-04-28 09:04:51.891891,CUST0100,PROD0029,Smartphone,Electronics,2,5098,15,8666.6,839.99,South,Cash on Delivery
ORD0326,2024-04-28 17:50:59.459459,CUST0078,PROD0078,Headphones,Electronics,3,22720,5,64752.0,11820.0,West,UPI
ORD0327,2024-04-29 02:37:07.027027,CUST0272,PROD0025,Jacket,Clothing,1,51807,5,49216.65,8318.21,Central,Debit Card
ORD0328,2024-04-29 11:23:14.594594,CUST0162,PROD0015,Bottle,Home & Kitchen,4,55339,10,199220.4,24525.88,North,Debit Card
ORD0329,2024-04-29 20:09:22.162162,CUST0044,PROD0006,Desk,Furniture,4,29600,5,112480.0,18003.72,West,Cash on Delivery
ORD0330,2024-04-30 04:55:29.729729,CUST0238,PROD0042,Chair,Furniture,1,24645,0,24645.0,4033.88,Central,Debit Card
ORD0331,2024-04-30 13:41:37.297297,CUST0134,PROD0029,Hoodie,Clothing,2,11049,20,17678.4,2000.34,East,Cash on Delivery
ORD0332,2024-04-30 22:27:44.864864,CUST0192,PROD0079,Desk,Furniture,4,38895,15,132243.0,25239.35,East,Credit Card
ORD0333,2024-05-01 07:13:52.432432,CUST0278,PROD0093,Keyboard,Electronics,5,25421,20,101684.0,21633.91,South,Credit Card
ORD0334,2024-05-01 16:00:00.000000,CUST0018,PROD0004,Mixer,Home & Kitchen,4,37787,10,136033.2,29185.76,Central,UPI
ORD0335,2024-05-02 00:46:07.567567,CUST0012,PROD0082,Novel,Books,5,28711,15,122021.75,22259.19,East,Cash on Delivery
ORD0336,2024-05-02 09:32:15.135135,CUST0180,PROD0057,Chair,Furniture,1,33661,15,28611.85,4777.57,East,UPI
ORD0337,2024-05-02 18:18:22.702702,CUST0123,PROD0049,Smartphone,Electronics,1,21523,0,21523.0,1945.06,South,UPI
ORD0338,2024-05-03 03:04:30.270270,CUST0246,PROD0044,Python Book,Books,4,7694,10,27698.4,3571.19,West,Credit Card
ORD0339,2024-05-03 11:50:37.837837,CUST0222,PROD0080,Bottle,Home & Kitchen,3,14356,5,40914.6,3921.92,East,UPI
ORD0340,2024-05-03 20:36:45.405405,CUST0051,PROD0075,Business Book,Books,5,28680,0,143400.0,34968.08,North,Debit Card
ORD0341,2024-05-04 05:22:52.972972,CUST0071,PROD0014,Laptop,Electronics,2,26335,0,52670.0,5423.09,North,UPI
ORD0342,2024-05-04 14:09:00.540540,CUST0048,PROD0003,Python Book,Books,4,30920,20,98944.0,10468.46,West,Cash on Delivery
ORD0343,2024-05-04 22:55:08.108108,CUST0019,PROD0062,Jacket,Clothing,2,20177,20,32283.2,7464.78,Central,Debit Card
ORD0344,2024-05-05 07:41:15.675675,CUST0262,PROD0064,Business Book,Books,4,55616,20,177971.2,42796.34,South,Credit Card
ORD0345,2024-05-05 16:27:23.243243,CUST0084,PROD0045,Table,Furniture,3,43704,0,131112.0,27558.55,North,Cash on Delivery
ORD0346,2024-05-06 01:13:30.810810,CUST0155,PROD0082,Sofa,Furniture,3,52124,5,148553.4,12020.77,North,Debit Card
ORD0347,2024-05-06 09:59:38.378378,CUST0053,PROD0058,Jeans,Clothing,3,53652,15,136812.6,10976.32,West,Cash on Delivery
ORD0348,2024-05-06 18:45:45.945945,CUST0107,PROD0020,Mouse,Electronics,3,31211,20,74906.4,10807.28,Central,Debit Card
ORD0349,2024-05-07 03:31:53.513513,CUST0135,PROD0058,Chair,Furniture,1,33084,5,31429.8,3280.55,Central,Cash on Delivery
ORD0350,2024-05-07 12:18:01.081081,CUST0069,PROD0089,Mixer,Home & Kitchen,1,3491,10,3141.9,261.17,West,Cash on Delivery
ORD0351,2024-05-07 21:04:08.648648,CUST0011,PROD0057,Desk,Furniture,5,33460,20,133840.0,21266.02,North,Debit Card
ORD0352,2024-05-08 05:50:16.216216,CUST0143,PROD0077,Chair,Furniture,2,25300,15,43010.0,10336.19,South,Credit Card
ORD0353,2024-05-08 14:36:23.783783,CUST0192,PROD0068,Laptop,Electronics,4,39340,10,141624.0,19126.23,North,Credit Card
ORD0354,2024-05-08 23:22:31.351351,CUST0069,PROD0078,Python Book,Books,4,50023,10,180082.8,34646.83,Central,Cash on Delivery
ORD0355,2024-05-09 08:08:38.918918,CUST0023,PROD0097,Sofa,Furniture,1,3931,15,3341.35,637.8,North,Cash on Delivery
ORD0356,2024-05-09 16:54:46.486486,CUST0181,PROD0092,Shoes,Clothing,4,6472,20,20710.4,2540.83,South,Credit Card
ORD0357,2024-05-10 01:40:54.054054,CUST0293,PROD0052,Data Science Book,Books,1,42380,0,42380.0,8076.45,East,Credit Card
ORD0358,2024-05-10 10:27:01.621621,CUST0009,PROD0037,Cookware Set,Home & Kitchen,5,23861,15,101409.25,11773.29,North,UPI
ORD0359,2024-05-10 19:13:09.189189,CUST0271,PROD0008,Mouse,Electronics,2,25117,15,42698.9,4301.54,West,Credit Card
ORD0360,2024-05-11 03:59:16.756756,CUST0093,PROD0044,Coffee Maker,Home & Kitchen,5,20581,15,87469.25,17426.95,East,Cash on Delivery
ORD0361,2024-05-11 12:45:24.324324,CUST0017,PROD0098,Business Book,Books,3,28971,10,78221.7,7766.24,West,Debit Card
ORD0362,2024-05-11 21:31:31.891891,CUST0154,PROD0005,Data Science Book,Books,3,57575,5,164088.75,40935.97,West,Credit Card
ORD0363,2024-05-12 06:17:39.459459,CUST0149,PROD0069,Novel,Books,3,51731,0,155193.0,17255.43,West,UPI
ORD0364,2024-05-12 15:03:47.027027,CUST0267,PROD0031,Lamp,Home & Kitchen,5,25664,20,102656.0,18581.16,North,UPI
ORD0365,2024-05-12 23:49:54.594594,CUST0106,PROD0045,Business Book,Books,4,56903,20,182089.6,27301.36,Central,UPI
ORD0366,2024-05-13 08:36:02.162162,CUST0035,PROD0009,Cookware Set,Home & Kitchen,2,41974,5,79750.6,8093.54,East,Debit Card
ORD0367,2024-05-13 17:22:09.729729,CUST0119,PROD0032,Python Book,Books,3,27725,15,70698.75,5990.55,South,Credit Card
ORD0368,2024-05-14 02:08:17.297297,CUST0014,PROD0033,Shoes,Clothing,3,50227,0,150681.0,28006.25,Central,Credit Card
ORD0369,2024-05-14 10:54:24.864864,CUST0014,PROD0067,Novel,Books,3,28902,20,69364.8,15062.48,North,Credit Card
ORD0370,2024-05-14 19:40:32.432432,CUST0266,PROD0030,Lamp,Home & Kitchen,2,23553,20,37684.8,8409.09,West,Debit Card
ORD0371,2024-05-15 04:26:40.000000,CUST0140,PROD0076,Sofa,Furniture,3,51699,15,131832.45,21364.94,South,Debit Card
ORD0372,2024-05-15 13:12:47.567567,CUST0294,PROD0029,Business Book,Books,2,23772,5,45166.8,9582.92,East,Cash on Delivery
ORD0373,2024-05-15 21:58:55.135135,CUST0119,PROD0003,Desk,Furniture,3,49530,0,148590.0,28883.52,Central,UPI
ORD0374,2024-05-16 06:45:02.702702,CUST0238,PROD0090,Jacket,Clothing,5,8380,5,39805.0,8085.32,Central,UPI
ORD0375,2024-05-16 15:31:10.270270,CUST0034,PROD0057,Mouse,Electronics,5,7399,5,35145.25,5754.75,South,Credit Card
ORD0376,2024-05-17 00:17:17.837837,CUST0169,PROD0030,Jeans,Clothing,2,53378,0,106756.0,20035.97,North,Debit Card
ORD0377,2024-05-17 09:03:25.405405,CUST0010,PROD0009,Data Science Book,Books,5,25731,0,128655.0,27910.34,East,Debit Card
ORD0378,2024-05-17 17:49:32.972972,CUST0122,PROD0026,Table,Furniture,2,56792,20,90867.2,13415.66,South,Credit Card
ORD0379,2024-05-18 02:35:40.540540,CUST0145,PROD0002,Chair,Furniture,5,31486,20,125944.0,27331.92,West,Credit Card
ORD0380,2024-05-18 11:21:48.108108,CUST0223,PROD0062,Cookware Set,Home & Kitchen,5,47984,0,239920.0,43339.84,East,Cash on Delivery
ORD0381,2024-05-18 20:07:55.675675,CUST0257,PROD0003,Chair,Furniture,2,30411,10,54739.8,5923.02,Central,UPI
ORD0382,2024-05-19 04:54:03.243243,CUST0268,PROD0046,Mixer,Home & Kitchen,4,40151,20,128483.2,10817.81,South,UPI
ORD0383,2024-05-19 13:40:10.810810,CUST0004,PROD0068,Smartphone,Electronics,5,22914,10,103113.0,14607.82,Central,UPI
ORD0384,2024-05-19 22:26:18.378378,CUST0106,PROD0025,Data Science Book,Books,3,27024,0,81072.0,14020.46,Central,Cash on Delivery
ORD0385,2024-05-20 07:12:25.945945,CUST0085,PROD0051,Coffee Maker,Home & Kitchen,4,42291,20,135331.2,30147.66,Central,Credit Card
ORD0386,2024-05-20 15:58:33.513513,CUST0214,PROD0013,Mouse,Electronics,2,5240,5,9956.0,1012.25,North,Credit Card
ORD0387,2024-05-21 00:44:41.081081,CUST0121,PROD0044,Chair,Furniture,4,52723,0,210892.0,45560.07,Central,UPI
ORD0388,2024-05-21 09:30:48.648648,CUST0132,PROD0035,Chair,Furniture,1,29058,15,24699.3,5599.62,West,UPI
ORD0389,2024-05-21 18:16:56.216216,CUST0197,PROD0055,Headphones,Electronics,1,36524,10,32871.6,3471.8,West,Cash on Delivery
ORD0390,2024-05-22 03:03:03.783783,CUST0019,PROD0087,Sofa,Furniture,5,8088,0,40440.0,9089.74,East,Debit Card
ORD0391,2024-05-22 11:49:11.351351,CUST0130,PROD0009,Smartphone,Electronics,5,28382,0,141910.0,35271.32,Central,Debit Card
ORD0392,2024-05-22 20:35:18.918918,CUST0012,PROD0002,Mixer,Home & Kitchen,3,58051,20,139322.4,28360.83,Central,UPI
ORD0393,2024-05-23 05:21:26.486486,CUST0081,PROD0061,Coffee Maker,Home & Kitchen,4,24334,20,77868.8,16618.05,South,Cash on Delivery
ORD0394,2024-05-23 14:07:34.054054,CUST0262,PROD0041,Headphones,Electronics,1,35779,20,28623.2,7128.63,North,UPI
ORD0395,2024-05-23 22:53:41.621621,CUST0125,PROD0044,Cookware Set,Home & Kitchen,5,11580,15,49215.0,9002.99,East,Debit Card
ORD0396,2024-05-24 07:39:49.189189,CUST0267,PROD0064,Lamp,Home & Kitchen,4,18352,20,58726.4,7771.89,Central,UPI
ORD0397,2024-05-24 16:25:56.756756,CUST0140,PROD0031,Cookware Set,Home & Kitchen,5,16831,0,84155.0,18714.41,South,Debit Card
ORD0398,2024-05-25 01:12:04.324324,CUST0002,PROD0047,Jeans,Clothing,5,23104,20,92416.0,17047.29,North,Debit Card
ORD0399,2024-05-25 09:58:11.891891,CUST0008,PROD0002,Python Book,Books,1,29203,5,27742.85,4960.51,East,Debit Card
ORD0400,2024-05-25 18:44:19.459459,CUST0250,PROD0096,Bookshelf,Furniture,1,45157,20,36125.6,4447.71,East,Credit Card
ORD0401,2024-05-26 03:30:27.027027,CUST0139,PROD0082,Jacket,Clothing,5,10442,15,44378.5,9256.33,Central,Credit Card
ORD0402,2024-05-26 12:16:34.594594,CUST0124,PROD0077,Coffee Maker,Home & Kitchen,2,49817,5,94652.3,8886.28,East,UPI
ORD0403,2024-05-26 21:02:42.162162,CUST0228,PROD0069,Mouse,Electronics,5,48655,0,243275.0,57687.51,South,Debit Card
ORD0404,2024-05-27 05:48:49.729729,CUST0010,PROD0058,Mixer,Home & Kitchen,5,10166,0,50830.0,6881.87,East,Credit Card
ORD0405,2024-05-27 14:34:57.297297,CUST0212,PROD0044,Python Book,Books,3,4831,10,13043.7,1326.83,West,UPI
ORD0406,2024-05-27 23:21:04.864864,CUST0112,PROD0074,Bottle,Home & Kitchen,3,45754,5,130398.9,20238.21,South,UPI
ORD0407,2024-05-28 08:07:12.432432,CUST0008,PROD0056,Mouse,Electronics,3,38398,10,103674.6,9042.49,North,UPI
ORD0408,2024-05-28 16:53:20.000000,CUST0292,PROD0043,SQL Book,Books,2,38578,5,73298.2,14394.77,North,UPI
ORD0409,2024-05-29 01:39:27.567567,CUST0253,PROD0089,Lamp,Home & Kitchen,2,58206,5,110591.4,25818.66,Central,UPI
ORD0410,2024-05-29 10:25:35.135135,CUST0014,PROD0034,Python Book,Books,5,28438,15,120861.5,26871.71,Central,Cash on Delivery
ORD0411,2024-05-29 19:11:42.702702,CUST0240,PROD0030,Bookshelf,Furniture,3,27365,10,73885.5,7510.67,West,Debit Card
ORD0412,2024-05-30 03:57:50.270270,CUST0242,PROD0071,Bookshelf,Furniture,2,30256,15,51435.2,5218.93,North,UPI
ORD0413,2024-05-30 12:43:57.837837,CUST0149,PROD0070,Bottle,Home & Kitchen,1,42032,5,39930.4,8716.16,North,Cash on Delivery
ORD0414,2024-05-30 21:30:05.405405,CUST0236,PROD0055,Business Book,Books,5,39561,0,197805.0,46904.16,North,Debit Card
ORD0415,2024-05-31 06:16:12.972972,CUST0167,PROD0067,Laptop,Electronics,4,59681,5,226787.8,35903.65,North,Credit Card
ORD0416,2024-05-31 15:02:20.540540,CUST0020,PROD0013,Lamp,Home & Kitchen,5,11059,15,47000.75,7746.9,East,UPI
ORD0417,2024-05-31 23:48:28.108108,CUST0216,PROD0003,Chair,Furniture,4,5739,10,20660.4,2770.65,South,Cash on Delivery
ORD0418,2024-06-01 08:34:35.675675,CUST0135,PROD0026,Table,Furniture,3,47541,10,128360.7,29782.9,South,Credit Card
ORD0419,2024-06-01 17:20:43.243243,CUST0129,PROD0057,Bottle,Home & Kitchen,4,42833,15,145632.2,27616.74,West,Cash on Delivery
ORD0420,2024-06-02 02:06:50.810810,CUST0294,PROD0024,SQL Book,Books,3,28570,10,77139.0,9951.14,East,Debit Card
ORD0421,2024-06-02 10:52:58.378378,CUST0246,PROD0053,Chair,Furniture,1,13579,20,10863.2,1420.83,North,Debit Card
ORD0422,2024-06-02 19:39:05.945945,CUST0189,PROD0070,Python Book,Books,4,39579,0,158316.0,36650.79,North,Credit Card
ORD0423,2024-06-03 04:25:13.513513,CUST0044,PROD0043,Desk,Furniture,5,44551,0,222755.0,18336.7,Central,Cash on Delivery
ORD0424,2024-06-03 13:11:21.081081,CUST0086,PROD0060,Bookshelf,Furniture,3,24188,0,72564.0,9786.24,Central,UPI
ORD0425,2024-06-03 21:57:28.648648,CUST0044,PROD0058,Jacket,Clothing,5,17930,10,80685.0,14058.61,West,UPI
ORD0426,2024-06-04 06:43:36.216216,CUST0145,PROD0049,Table,Furniture,2,53291,10,95923.8,10090.89,North,Credit Card
ORD0427,2024-06-04 15:29:43.783783,CUST0051,PROD0042,Keyboard,Electronics,3,58003,5,165308.55,15812.88,West,Credit Card
ORD0428,2024-06-05 00:15:51.351351,CUST0242,PROD0076,Lamp,Home & Kitchen,4,35444,5,134687.2,29442.21,East,Credit Card
ORD0429,2024-06-05 09:01:58.918918,CUST0294,PROD0100,Coffee Maker,Home & Kitchen,3,52461,0,157383.0,36520.53,South,Cash on Delivery
ORD0430,2024-06-05 17:48:06.486486,CUST0051,PROD0066,SQL Book,Books,5,31482,20,125928.0,27705.81,North,UPI
ORD0431,2024-06-06 02:34:14.054054,CUST0266,PROD0011,Table,Furniture,1,25838,5,24546.1,5714.18,East,UPI
ORD0432,2024-06-06 11:20:21.621621,CUST0120,PROD0098,Mouse,Electronics,3,12124,5,34553.4,6013.29,North,UPI
ORD0433,2024-06-06 20:06:29.189189,CUST0200,PROD0090,Novel,Books,4,51279,10,184604.4,40259.24,Central,Credit Card
ORD0434,2024-06-07 04:52:36.756756,CUST0248,PROD0018,Hoodie,Clothing,2,32425,20,51880.0,7537.5,West,UPI
ORD0435,2024-06-07 13:38:44.324324,CUST0070,PROD0085,Novel,Books,1,7279,0,7279.0,1406.78,Central,Debit Card
ORD0436,2024-06-07 22:24:51.891891,CUST0057,PROD0100,Business Book,Books,2,26489,5,50329.1,12486.75,South,Credit Card
ORD0437,2024-06-08 07:10:59.459459,CUST0039,PROD0052,Desk,Furniture,3,42900,20,102960.0,12187.76,Central,UPI
ORD0438,2024-06-08 15:57:07.027027,CUST0289,PROD0046,T-Shirt,Clothing,5,59860,20,239440.0,35025.99,North,Cash on Delivery
ORD0439,2024-06-09 00:43:14.594594,CUST0018,PROD0044,SQL Book,Books,5,12804,0,64020.0,10346.15,Central,Credit Card
ORD0440,2024-06-09 09:29:22.162162,CUST0220,PROD0022,Mouse,Electronics,4,58021,20,185667.2,19209.62,North,Debit Card
ORD0441,2024-06-09 18:15:29.729729,CUST0244,PROD0053,Mouse,Electronics,5,20969,20,83876.0,7865.6,South,Debit Card
ORD0442,2024-06-10 03:01:37.297297,CUST0298,PROD0059,Lamp,Home & Kitchen,1,7210,20,5768.0,1275.03,Central,Cash on Delivery
ORD0443,2024-06-10 11:47:44.864864,CUST0283,PROD0094,Jeans,Clothing,5,58013,5,275561.75,67803.36,West,Cash on Delivery
ORD0444,2024-06-10 20:33:52.432432,CUST0074,PROD0030,Jacket,Clothing,4,47157,0,188628.0,28068.46,West,Credit Card
ORD0445,2024-06-11 05:20:00.000000,CUST0110,PROD0008,Cookware Set,Home & Kitchen,3,35264,20,84633.6,8031.77,West,Credit Card
ORD0446,2024-06-11 14:06:07.567567,CUST0180,PROD0098,Data Science Book,Books,3,20431,20,49034.4,4471.35,Central,Debit Card
ORD0447,2024-06-11 22:52:15.135135,CUST0032,PROD0057,Hoodie,Clothing,5,25527,5,121253.25,28073.05,Central,Cash on Delivery
ORD0448,2024-06-12 07:38:22.702702,CUST0234,PROD0073,Mouse,Electronics,2,6278,0,12556.0,1994.5,Central,Credit Card
ORD0449,2024-06-12 16:24:30.270270,CUST0282,PROD0020,Laptop,Electronics,3,22291,10,60185.7,8089.24,North,Debit Card
ORD0450,2024-06-13 01:10:37.837837,CUST0025,PROD0025,Bookshelf,Furniture,5,17453,5,82901.75,13347.05,South,Cash on Delivery
ORD0451,2024-06-13 09:56:45.405405,CUST0279,PROD0019,Shoes,Clothing,4,33848,0,135392.0,18157.65,West,Debit Card
ORD0452,2024-06-13 18:42:52.972972,CUST0226,PROD0005,Python Book,Books,5,42976,20,171904.0,28043.75,North,UPI
ORD0453,2024-06-14 03:29:00.540540,CUST0057,PROD0075,Lamp,Home & Kitchen,3,39371,0,118113.0,26708.25,West,Cash on Delivery
ORD0454,2024-06-14 12:15:08.108108,CUST0180,PROD0079,Lamp,Home & Kitchen,4,47754,0,191016.0,34514.92,North,Credit Card
ORD0455,2024-06-14 21:01:15.675675,CUST0232,PROD0072,Python Book,Books,5,4283,0,21415.0,4242.12,Central,Credit Card
ORD0456,2024-06-15 05:47:23.243243,CUST0287,PROD0083,Desk,Furniture,1,9803,10,8822.7,1252.77,West,UPI
ORD0457,2024-06-15 14:33:30.810810,CUST0064,PROD0087,Lamp,Home & Kitchen,4,30221,0,120884.0,24847.22,Central,Cash on Delivery
ORD0458,2024-06-15 23:19:38.378378,CUST0232,PROD0027,Hoodie,Clothing,1,58166,10,52349.4,10120.44,West,Debit Card
ORD0459,2024-06-16 08:05:45.945945,CUST0289,PROD0040,Chair,Furniture,2,17205,20,27528.0,2761.76,East,Credit Card
ORD0460,2024-06-16 16:51:53.513513,CUST0213,PROD0096,Hoodie,Clothing,4,46138,10,166096.8,29457.15,North,UPI
ORD0461,2024-06-17 01:38:01.081081,CUST0258,PROD0026,Smartphone,Electronics,1,59964,20,47971.2,5931.47,East,UPI
ORD0462,2024-06-17 10:24:08.648648,CUST0018,PROD0027,Sofa,Furniture,3,58579,20,140589.6,30465.24,North,Cash on Delivery
ORD0463,2024-06-17 19:10:16.216216,CUST0175,PROD0062,Lamp,Home & Kitchen,3,24253,10,65483.1,9980.24,South,Cash on Delivery
ORD0464,2024-06-18 03:56:23.783783,CUST0229,PROD0083,Sofa,Furniture,2,27106,5,51501.4,12828.81,West,Credit Card
ORD0465,2024-06-18 12:42:31.351351,CUST0226,PROD0050,Desk,Furniture,4,45300,15,154020.0,14743.58,South,UPI
ORD0466,2024-06-18 21:28:38.918918,CUST0084,PROD0042,Bookshelf,Furniture,4,22468,0,89872.0,19112.1,South,Debit Card
ORD0467,2024-06-19 06:14:46.486486,CUST0291,PROD0029,Desk,Furniture,4,4883,15,16602.2,3229.61,North,UPI
ORD0468,2024-06-19 15:00:54.054054,CUST0246,PROD0039,Jeans,Clothing,2,39014,0,78028.0,16422.93,East,Debit Card
ORD0469,2024-06-19 23:47:01.621621,CUST0110,PROD0060,Laptop,Electronics,4,54393,0,217572.0,28780.44,Central,Debit Card
ORD0470,2024-06-20 08:33:09.189189,CUST0254,PROD0041,Data Science Book,Books,3,55719,20,133725.6,21884.1,North,Credit Card
ORD0471,2024-06-20 17:19:16.756756,CUST0088,PROD0033,Table,Furniture,1,49445,0,49445.0,10650.77,Central,UPI
ORD0472,2024-06-21 02:05:24.324324,CUST0072,PROD0083,Cookware Set,Home & Kitchen,3,40196,0,120588.0,14414.13,South,Debit Card
ORD0473,2024-06-21 10:51:31.891891,CUST0030,PROD0083,Bookshelf,Furniture,3,12189,10,32910.3,3897.42,Central,Cash on Delivery
ORD0474,2024-06-21 19:37:39.459459,CUST0172,PROD0097,Coffee Maker,Home & Kitchen,1,27713,15,23556.05,4091.18,East,Debit Card
ORD0475,2024-06-22 04:23:47.027027,CUST0177,PROD0016,Jeans,Clothing,3,12575,10,33952.5,5738.17,North,Cash on Delivery
ORD0476,2024-06-22 13:09:54.594594,CUST0139,PROD0023,Bottle,Home & Kitchen,2,2761,0,5522.0,706.73,East,Cash on Delivery
ORD0477,2024-06-22 21:56:02.162162,CUST0194,PROD0007,SQL Book,Books,1,14591,20,11672.8,1525.32,East,UPI
ORD0478,2024-06-23 06:42:09.729729,CUST0186,PROD0026,Mouse,Electronics,3,47104,10,127180.8,16181.68,North,Cash on Delivery
ORD0479,2024-06-23 15:28:17.297297,CUST0218,PROD0096,Coffee Maker,Home & Kitchen,5,11735,10,52807.5,11150.68,East,Debit Card
ORD0480,2024-06-24 00:14:24.864864,CUST0164,PROD0012,Bottle,Home & Kitchen,3,28235,5,80469.75,15355.49,West,Cash on Delivery
ORD0481,2024-06-24 09:00:32.432432,CUST0161,PROD0072,Smartphone,Electronics,2,33753,0,67506.0,14953.32,West,UPI
ORD0482,2024-06-24 17:46:40.000000,CUST0013,PROD0005,Business Book,Books,4,18844,20,60300.8,14823.77,West,Credit Card
ORD0483,2024-06-25 02:32:47.567567,CUST0296,PROD0092,Bookshelf,Furniture,3,56483,10,152504.1,24493.37,Central,Debit Card
ORD0484,2024-06-25 11:18:55.135135,CUST0089,PROD0069,Mixer,Home & Kitchen,4,12558,10,45208.8,4129.28,East,Debit Card
ORD0485,2024-06-25 20:05:02.702702,CUST0042,PROD0049,Laptop,Electronics,5,31141,20,124564.0,10983.52,North,UPI
ORD0486,2024-06-26 04:51:10.270270,CUST0210,PROD0026,T-Shirt,Clothing,3,59211,0,177633.0,23139.02,North,UPI
ORD0487,2024-06-26 13:37:17.837837,CUST0229,PROD0005,Smartphone,Electronics,1,54793,5,52053.35,12416.42,Central,UPI
ORD0488,2024-06-26 22:23:25.405405,CUST0275,PROD0022,Shoes,Clothing,4,49058,10,176608.8,29837.39,North,UPI
ORD0489,2024-06-27 07:09:32.972972,CUST0279,PROD0079,Business Book,Books,5,49490,5,235077.5,29667.65,West,Debit Card
ORD0490,2024-06-27 15:55:40.540540,CUST0251,PROD0013,Bookshelf,Furniture,1,11036,15,9380.6,1387.0,East,Credit Card
ORD0491,2024-06-28 00:41:48.108108,CUST0208,PROD0028,Headphones,Electronics,1,37943,0,37943.0,6896.56,North,Cash on Delivery
ORD0492,2024-06-28 09:27:55.675675,CUST0140,PROD0033,Cookware Set,Home & Kitchen,1,50708,15,43101.8,8232.51,North,Cash on Delivery
ORD0493,2024-06-28 18:14:03.243243,CUST0280,PROD0023,Python Book,Books,1,44250,15,37612.5,3993.18,South,Credit Card
ORD0494,2024-06-29 03:00:10.810810,CUST0034,PROD0097,Smartphone,Electronics,3,57149,15,145729.95,35863.47,South,Credit Card
ORD0495,2024-06-29 11:46:18.378378,CUST0018,PROD0018,Bottle,Home & Kitchen,3,35264,0,105792.0,18260.89,South,Credit Card
ORD0496,2024-06-29 20:32:25.945945,CUST0057,PROD0030,Keyboard,Electronics,3,28344,0,85032.0,8763.99,East,UPI
ORD0497,2024-06-30 05:18:33.513513,CUST0112,PROD0026,Hoodie,Clothing,5,40233,20,160932.0,37323.03,West,Debit Card
ORD0498,2024-06-30 14:04:41.081081,CUST0005,PROD0016,Mouse,Electronics,5,16297,5,77410.75,7175.09,West,Debit Card
ORD0499,2024-06-30 22:50:48.648648,CUST0182,PROD0077,Keyboard,Electronics,5,14515,5,68946.25,16155.14,West,Debit Card
ORD0500,2024-07-01 07:36:56.216216,CUST0013,PROD0039,Keyboard,Electronics,2,33369,20,53390.4,13316.43,East,UPI
ORD0501,2024-07-01 16:23:03.783783,CUST0285,PROD0033,Novel,Books,5,24211,20,96844.0,19279.06,East,Debit Card
ORD0502,2024-07-02 01:09:11.351351,CUST0259,PROD0026,Smartphone,Electronics,3,55833,15,142374.15,30037.53,South,UPI
ORD0503,2024-07-02 09:55:18.918918,CUST0090,PROD0048,Bottle,Home & Kitchen,3,17330,20,41592.0,5712.31,North,Debit Card
ORD0504,2024-07-02 18:41:26.486486,CUST0104,PROD0065,Jacket,Clothing,2,29634,10,53341.2,12805.52,Central,Credit Card
ORD0505,2024-07-03 03:27:34.054054,CUST0186,PROD0038,T-Shirt,Clothing,2,14871,5,28254.9,4804.78,Central,Cash on Delivery
ORD0506,2024-07-03 12:13:41.621621,CUST0250,PROD0002,Keyboard,Electronics,5,43019,20,172076.0,35190.58,North,Cash on Delivery
ORD0507,2024-07-03 20:59:49.189189,CUST0255,PROD0006,Python Book,Books,4,29227,10,105217.2,24946.82,South,UPI
ORD0508,2024-07-04 05:45:56.756756,CUST0076,PROD0046,SQL Book,Books,2,58241,10,104833.8,25766.11,North,Debit Card
ORD0509,2024-07-04 14:32:04.324324,CUST0108,PROD0050,Mixer,Home & Kitchen,1,58305,10,52474.5,11630.7,North,Cash on Delivery
ORD0510,2024-07-04 23:18:11.891891,CUST0156,PROD0038,Smartphone,Electronics,3,21014,10,56737.8,7461.76,Central,Credit Card
ORD0511,2024-07-05 08:04:19.459459,CUST0082,PROD0088,Jacket,Clothing,1,59012,15,50160.2,12254.79,South,Credit Card
ORD0512,2024-07-05 16:50:27.027027,CUST0077,PROD0018,SQL Book,Books,3,43841,10,118370.7,22109.32,East,Credit Card
ORD0513,2024-07-06 01:36:34.594594,CUST0258,PROD0027,Smartphone,Electronics,3,23687,15,60401.85,14388.28,Central,UPI
ORD0514,2024-07-06 10:22:42.162162,CUST0127,PROD0041,Business Book,Books,2,28744,15,48864.8,9525.6,East,UPI
ORD0515,2024-07-06 19:08:49.729729,CUST0282,PROD0072,Novel,Books,2,49208,10,88574.4,11712.25,South,Debit Card
ORD0516,2024-07-07 03:54:57.297297,CUST0088,PROD0092,Shoes,Clothing,1,20221,5,19209.95,2745.18,North,Credit Card
ORD0517,2024-07-07 12:41:04.864864,CUST0204,PROD0074,Bookshelf,Furniture,3,13357,10,36063.9,6259.98,West,Debit Card
ORD0518,2024-07-07 21:27:12.432432,CUST0016,PROD0017,Lamp,Home & Kitchen,1,45568,10,41011.2,8788.8,West,Debit Card
ORD0519,2024-07-08 06:13:20.000000,CUST0151,PROD0062,Bottle,Home & Kitchen,4,54010,10,194436.0,26065.51,South,Credit Card
ORD0520,2024-07-08 14:59:27.567567,CUST0254,PROD0029,Hoodie,Clothing,1,56031,5,53229.45,9504.35,West,Debit Card
ORD0521,2024-07-08 23:45:35.135135,CUST0188,PROD0058,Novel,Books,5,25158,0,125790.0,17454.15,East,Cash on Delivery
ORD0522,2024-07-09 08:31:42.702702,CUST0032,PROD0070,Mouse,Electronics,1,48989,0,48989.0,10712.95,West,UPI
ORD0523,2024-07-09 17:17:50.270270,CUST0271,PROD0078,Data Science Book,Books,5,44938,15,190986.5,30432.51,South,Debit Card
ORD0524,2024-07-10 02:03:57.837837,CUST0005,PROD0022,T-Shirt,Clothing,5,26362,15,112038.5,10424.38,South,Credit Card
ORD0525,2024-07-10 10:50:05.405405,CUST0169,PROD0006,Lamp,Home & Kitchen,5,37150,5,176462.5,19098.35,East,UPI
ORD0526,2024-07-10 19:36:12.972972,CUST0181,PROD0026,Data Science Book,Books,4,46786,20,149715.2,13532.43,West,UPI
ORD0527,2024-07-11 04:22:20.540540,CUST0178,PROD0039,Cookware Set,Home & Kitchen,1,20867,0,20867.0,3440.58,West,Debit Card
ORD0528,2024-07-11 13:08:28.108108,CUST0143,PROD0012,Smartphone,Electronics,1,30039,15,25533.15,2504.22,North,Cash on Delivery
ORD0529,2024-07-11 21:54:35.675675,CUST0248,PROD0099,Cookware Set,Home & Kitchen,4,58104,0,232416.0,23103.03,Central,Debit Card
ORD0530,2024-07-12 06:40:43.243243,CUST0127,PROD0014,Cookware Set,Home & Kitchen,3,43585,5,124217.25,29809.43,South,Cash on Delivery
ORD0531,2024-07-12 15:26:50.810810,CUST0263,PROD0022,Desk,Furniture,2,4054,5,7702.6,1758.9,North,UPI
ORD0532,2024-07-13 00:12:58.378378,CUST0040,PROD0051,Sofa,Furniture,1,27344,20,21875.2,3431.23,South,Debit Card
ORD0533,2024-07-13 08:59:05.945945,CUST0255,PROD0023,Chair,Furniture,2,2024,20,3238.4,801.79,North,Credit Card
ORD0534,2024-07-13 17:45:13.513513,CUST0143,PROD0048,Lamp,Home & Kitchen,4,1676,5,6368.8,509.71,Central,Debit Card
ORD0535,2024-07-14 02:31:21.081081,CUST0240,PROD0071,Hoodie,Clothing,3,9006,15,22965.3,4234.26,North,Cash on Delivery
ORD0536,2024-07-14 11:17:28.648648,CUST0228,PROD0050,Mixer,Home & Kitchen,3,9194,0,27582.0,5096.95,South,Cash on Delivery
ORD0537,2024-07-14 20:03:36.216216,CUST0198,PROD0089,Hoodie,Clothing,3,18337,10,49509.9,7810.95,West,Debit Card
ORD0538,2024-07-15 04:49:43.783783,CUST0065,PROD0013,Hoodie,Clothing,4,18750,20,60000.0,8848.87,South,Cash on Delivery
ORD0539,2024-07-15 13:35:51.351351,CUST0011,PROD0085,Bookshelf,Furniture,5,16706,10,75177.0,11834.0,East,UPI
ORD0540,2024-07-15 22:21:58.918918,CUST0108,PROD0010,Novel,Books,5,51912,15,220626.0,33213.76,East,Debit Card
ORD0541,2024-07-16 07:08:06.486486,CUST0026,PROD0055,Smartphone,Electronics,2,30025,20,48040.0,9808.99,East,Cash on Delivery
ORD0542,2024-07-16 15:54:14.054054,CUST0151,PROD0009,Sofa,Furniture,5,6226,10,28017.0,2886.04,East,Debit Card
ORD0543,2024-07-17 00:40:21.621621,CUST0221,PROD0079,Bookshelf,Furniture,5,39319,15,167105.75,18982.99,Central,Debit Card
ORD0544,2024-07-17 09:26:29.189189,CUST0237,PROD0052,Data Science Book,Books,3,9796,0,29388.0,3252.9,West,Credit Card
ORD0545,2024-07-17 18:12:36.756756,CUST0237,PROD0002,Headphones,Electronics,3,56747,15,144704.85,18033.12,West,Debit Card
ORD0546,2024-07-18 02:58:44.324324,CUST0219,PROD0025,Mixer,Home & Kitchen,2,36368,20,58188.8,9851.01,South,Credit Card
ORD0547,2024-07-18 11:44:51.891891,CUST0151,PROD0013,Bottle,Home & Kitchen,1,30106,5,28600.7,2828.77,North,Cash on Delivery
ORD0548,2024-07-18 20:30:59.459459,CUST0123,PROD0098,Sofa,Furniture,2,22963,0,45926.0,10452.24,South,Credit Card
ORD0549,2024-07-19 05:17:07.027027,CUST0144,PROD0051,Mouse,Electronics,2,41621,10,74917.8,9780.63,South,Credit Card
ORD0550,2024-07-19 14:03:14.594594,CUST0189,PROD0058,Desk,Furniture,4,56805,20,181776.0,19564.82,South,Credit Card
ORD0551,2024-07-19 22:49:22.162162,CUST0255,PROD0034,Hoodie,Clothing,4,36795,5,139821.0,27244.91,South,UPI
ORD0552,2024-07-20 07:35:29.729729,CUST0068,PROD0035,Bookshelf,Furniture,2,22956,15,39025.2,3374.69,West,Credit Card
ORD0553,2024-07-20 16:21:37.297297,CUST0104,PROD0003,Sofa,Furniture,2,55447,5,105349.3,19531.2,North,Debit Card
ORD0554,2024-07-21 01:07:44.864864,CUST0159,PROD0059,Lamp,Home & Kitchen,2,26160,20,41856.0,8316.52,South,Credit Card
ORD0555,2024-07-21 09:53:52.432432,CUST0300,PROD0070,Mixer,Home & Kitchen,5,49966,20,199864.0,23291.31,West,Debit Card
ORD0556,2024-07-21 18:40:00.000000,CUST0090,PROD0048,Coffee Maker,Home & Kitchen,4,17132,5,65101.6,5672.56,South,Credit Card
ORD0557,2024-07-22 03:26:07.567567,CUST0256,PROD0064,Jacket,Clothing,2,39087,15,66447.9,9423.62,East,UPI
ORD0558,2024-07-22 12:12:15.135135,CUST0220,PROD0019,Lamp,Home & Kitchen,3,48531,5,138313.35,13383.34,South,Cash on Delivery
ORD0559,2024-07-22 20:58:22.702702,CUST0009,PROD0067,Laptop,Electronics,3,22027,20,52864.8,5275.97,South,Credit Card
ORD0560,2024-07-23 05:44:30.270270,CUST0012,PROD0082,SQL Book,Books,5,43115,20,172460.0,21251.28,Central,Credit Card
ORD0561,2024-07-23 14:30:37.837837,CUST0244,PROD0073,Keyboard,Electronics,5,29845,10,134302.5,17490.15,East,UPI
ORD0562,2024-07-23 23:16:45.405405,CUST0182,PROD0076,Smartphone,Electronics,1,57485,10,51736.5,8800.12,North,Credit Card
ORD0563,2024-07-24 08:02:52.972972,CUST0284,PROD0005,Coffee Maker,Home & Kitchen,1,44822,0,44822.0,8754.93,South,Debit Card
ORD0564,2024-07-24 16:49:00.540540,CUST0099,PROD0067,Data Science Book,Books,1,2820,20,2256.0,407.82,North,Credit Card
ORD0565,2024-07-25 01:35:08.108108,CUST0197,PROD0011,Python Book,Books,5,3381,10,15214.5,1600.89,East,Credit Card
ORD0566,2024-07-25 10:21:15.675675,CUST0226,PROD0094,Python Book,Books,5,34496,5,163856.0,17902.03,South,Cash on Delivery
ORD0567,2024-07-25 19:07:23.243243,CUST0103,PROD0068,Shoes,Clothing,5,37035,15,157398.75,36105.82,Central,Cash on Delivery
ORD0568,2024-07-26 03:53:30.810810,CUST0106,PROD0069,Cookware Set,Home & Kitchen,3,39513,5,112612.05,19698.09,West,Credit Card
ORD0569,2024-07-26 12:39:38.378378,CUST0058,PROD0001,Novel,Books,5,14866,15,63180.5,14398.17,Central,UPI
ORD0570,2024-07-26 21:25:45.945945,CUST0078,PROD0091,Jacket,Clothing,3,14342,10,38723.4,5543.75,Central,Cash on Delivery
ORD0571,2024-07-27 06:11:53.513513,CUST0075,PROD0092,Sofa,Furniture,1,25798,0,25798.0,4758.39,West,Credit Card
ORD0572,2024-07-27 14:58:01.081081,CUST0042,PROD0063,Chair,Furniture,1,11629,5,11047.55,1867.29,West,Cash on Delivery
ORD0573,2024-07-27 23:44:08.648648,CUST0181,PROD0029,T-Shirt,Clothing,1,31956,5,30358.2,4075.62,West,Credit Card
ORD0574,2024-07-28 08:30:16.216216,CUST0033,PROD0082,Hoodie,Clothing,2,2459,5,4672.1,747.0,South,Cash on Delivery
ORD0575,2024-07-28 17:16:23.783783,CUST0071,PROD0012,Coffee Maker,Home & Kitchen,2,38200,15,64940.0,10742.6,North,Cash on Delivery
ORD0576,2024-07-29 02:02:31.351351,CUST0056,PROD0077,Lamp,Home & Kitchen,4,51999,10,187196.4,21364.92,North,Debit Card
ORD0577,2024-07-29 10:48:38.918918,CUST0105,PROD0041,Table,Furniture,4,19663,5,74719.4,9978.91,West,Credit Card
ORD0578,2024-07-29 19:34:46.486486,CUST0200,PROD0002,Novel,Books,4,48001,5,182403.8,39132.85,Central,Credit Card
ORD0579,2024-07-30 04:20:54.054054,CUST0101,PROD0037,Bookshelf,Furniture,2,43541,0,87082.0,20523.83,East,Credit Card
ORD0580,2024-07-30 13:07:01.621621,CUST0256,PROD0045,Business Book,Books,2,19333,0,38666.0,5458.29,West,Credit Card
ORD0581,2024-07-30 21:53:09.189189,CUST0074,PROD0080,Novel,Books,4,57957,10,208645.2,27579.83,Central,Cash on Delivery
ORD0582,2024-07-31 06:39:16.756756,CUST0171,PROD0048,Coffee Maker,Home & Kitchen,4,11105,10,39978.0,4524.85,Central,Debit Card
ORD0583,2024-07-31 15:25:24.324324,CUST0143,PROD0024,Keyboard,Electronics,5,36151,20,144604.0,28247.45,South,Debit Card
ORD0584,2024-08-01 00:11:31.891891,CUST0166,PROD0099,Smartphone,Electronics,4,27132,0,108528.0,14643.35,South,UPI
ORD0585,2024-08-01 08:57:39.459459,CUST0261,PROD0022,Jacket,Clothing,5,50489,20,201956.0,50068.41,North,Credit Card
ORD0586,2024-08-01 17:43:47.027027,CUST0221,PROD0100,Bottle,Home & Kitchen,3,14244,15,36322.2,4916.81,North,UPI
ORD0587,2024-08-02 02:29:54.594594,CUST0083,PROD0011,Python Book,Books,2,20173,20,32276.8,4744.79,East,Cash on Delivery
ORD0588,2024-08-02 11:16:02.162162,CUST0182,PROD0058,Laptop,Electronics,4,40672,5,154553.6,28216.36,East,UPI
ORD0589,2024-08-02 20:02:09.729729,CUST0010,PROD0046,Novel,Books,2,24228,20,38764.8,8384.3,East,Credit Card
ORD0590,2024-08-03 04:48:17.297297,CUST0004,PROD0029,Keyboard,Electronics,2,15679,10,28222.2,4510.42,East,Debit Card
ORD0591,2024-08-03 13:34:24.864864,CUST0292,PROD0035,Keyboard,Electronics,2,52086,15,88546.2,13445.88,Central,Debit Card
ORD0592,2024-08-03 22:20:32.432432,CUST0281,PROD0015,Laptop,Electronics,3,37051,5,105595.35,26320.53,Central,Credit Card
ORD0593,2024-08-04 07:06:40.000000,CUST0215,PROD0060,Mixer,Home & Kitchen,1,34846,20,27876.8,2279.87,North,Cash on Delivery
ORD0594,2024-08-04 15:52:47.567567,CUST0098,PROD0095,Sofa,Furniture,4,24586,15,83592.4,19406.9,South,Credit Card
ORD0595,2024-08-05 00:38:55.135135,CUST0101,PROD0042,Business Book,Books,1,5410,15,4598.5,484.47,South,Cash on Delivery
ORD0596,2024-08-05 09:25:02.702702,CUST0009,PROD0043,Coffee Maker,Home & Kitchen,1,54641,5,51908.95,11088.13,West,Debit Card
ORD0597,2024-08-05 18:11:10.270270,CUST0061,PROD0080,Cookware Set,Home & Kitchen,1,12387,20,9909.6,1833.76,Central,Cash on Delivery
ORD0598,2024-08-06 02:57:17.837837,CUST0146,PROD0074,Lamp,Home & Kitchen,2,24062,15,40905.4,5649.61,East,Credit Card
ORD0599,2024-08-06 11:43:25.405405,CUST0063,PROD0049,Coffee Maker,Home & Kitchen,5,50576,15,214948.0,49128.24,East,Credit Card
ORD0600,2024-08-06 20:29:32.972972,CUST0121,PROD0064,Mixer,Home & Kitchen,2,17381,0,34762.0,2857.24,West,Credit Card
ORD0601,2024-08-07 05:15:40.540540,CUST0226,PROD0032,Hoodie,Clothing,2,35247,15,59919.9,7102.75,South,Cash on Delivery
ORD0602,2024-08-07 14:01:48.108108,CUST0105,PROD0064,SQL Book,Books,1,9896,0,9896.0,1745.38,East,Cash on Delivery
ORD0603,2024-08-07 22:47:55.675675,CUST0260,PROD0002,Cookware Set,Home & Kitchen,2,38319,20,61310.4,8568.88,South,Cash on Delivery
ORD0604,2024-08-08 07:34:03.243243,CUST0255,PROD0024,Data Science Book,Books,1,42303,20,33842.4,6219.02,West,Debit Card
ORD0605,2024-08-08 16:20:10.810810,CUST0207,PROD0087,Hoodie,Clothing,5,18613,20,74452.0,6261.32,South,UPI
ORD0606,2024-08-09 01:06:18.378378,CUST0028,PROD0066,T-Shirt,Clothing,4,47939,10,172580.4,17223.18,South,UPI
ORD0607,2024-08-09 09:52:25.945945,CUST0170,PROD0038,Python Book,Books,1,1313,20,1050.4,106.73,South,Credit Card
ORD0608,2024-08-09 18:38:33.513513,CUST0076,PROD0031,Keyboard,Electronics,5,49678,15,211131.5,23684.36,East,Debit Card
ORD0609,2024-08-10 03:24:41.081081,CUST0116,PROD0026,Chair,Furniture,4,24005,5,91219.0,14420.48,North,Cash on Delivery
ORD0610,2024-08-10 12:10:48.648648,CUST0069,PROD0029,Headphones,Electronics,3,2128,0,6384.0,1326.99,Central,Credit Card
ORD0611,2024-08-10 20:56:56.216216,CUST0234,PROD0067,Headphones,Electronics,1,8209,10,7388.1,1728.38,South,Debit Card
ORD0612,2024-08-11 05:43:03.783783,CUST0001,PROD0078,Laptop,Electronics,1,38656,20,30924.8,6865.72,South,Credit Card
ORD0613,2024-08-11 14:29:11.351351,CUST0167,PROD0025,Mixer,Home & Kitchen,3,13409,20,32181.6,3651.68,South,Debit Card
ORD0614,2024-08-11 23:15:18.918918,CUST0218,PROD0048,Shoes,Clothing,3,2323,5,6620.55,1026.16,North,Debit Card
ORD0615,2024-08-12 08:01:26.486486,CUST0273,PROD0065,Laptop,Electronics,1,54418,5,51697.1,5888.3,West,UPI
ORD0616,2024-08-12 16:47:34.054054,CUST0251,PROD0053,Shoes,Clothing,3,14837,10,40059.9,5005.89,East,Credit Card
ORD0617,2024-08-13 01:33:41.621621,CUST0174,PROD0067,Novel,Books,2,26961,0,53922.0,8929.64,North,Cash on Delivery
ORD0618,2024-08-13 10:19:49.189189,CUST0170,PROD0090,Chair,Furniture,4,38959,20,124668.8,11416.99,South,UPI
ORD0619,2024-08-13 19:05:56.756756,CUST0246,PROD0018,SQL Book,Books,4,34148,10,122932.8,14394.16,North,UPI
ORD0620,2024-08-14 03:52:04.324324,CUST0090,PROD0009,SQL Book,Books,4,38104,15,129553.6,30965.16,North,Cash on Delivery
ORD0621,2024-08-14 12:38:11.891891,CUST0049,PROD0038,Bottle,Home & Kitchen,2,15679,15,26654.3,4244.42,North,Debit Card
ORD0622,2024-08-14 21:24:19.459459,CUST0294,PROD0087,Chair,Furniture,3,59964,10,161902.8,25210.81,West,Cash on Delivery
ORD0623,2024-08-15 06:10:27.027027,CUST0150,PROD0021,SQL Book,Books,5,28066,20,112264.0,9259.13,Central,Credit Card
ORD0624,2024-08-15 14:56:34.594594,CUST0132,PROD0065,Python Book,Books,3,43890,10,118503.0,14464.23,East,Cash on Delivery
ORD0625,2024-08-15 23:42:42.162162,CUST0059,PROD0021,Chair,Furniture,1,2863,20,2290.4,520.54,West,Debit Card
ORD0626,2024-08-16 08:28:49.729729,CUST0199,PROD0027,Chair,Furniture,4,36360,5,138168.0,14920.32,West,Cash on Delivery
ORD0627,2024-08-16 17:14:57.297297,CUST0215,PROD0070,Business Book,Books,3,29497,10,79641.9,11991.78,Central,Debit Card
ORD0628,2024-08-17 02:01:04.864864,CUST0049,PROD0044,Chair,Furniture,5,3886,20,15544.0,1281.39,West,Debit Card
ORD0629,2024-08-17 10:47:12.432432,CUST0232,PROD0100,Business Book,Books,1,16387,10,14748.3,2379.15,North,Credit Card
ORD0630,2024-08-17 19:33:20.000000,CUST0247,PROD0028,Novel,Books,2,49168,10,88502.4,7396.46,North,Cash on Delivery
ORD0631,2024-08-18 04:19:27.567567,CUST0239,PROD0045,Cookware Set,Home & Kitchen,2,53883,20,86212.8,18909.37,South,Cash on Delivery
ORD0632,2024-08-18 13:05:35.135135,CUST0168,PROD0017,Smartphone,Electronics,5,23525,20,94100.0,20723.19,West,Credit Card
ORD0633,2024-08-18 21:51:42.702702,CUST0048,PROD0040,SQL Book,Books,1,30050,0,30050.0,6428.18,South,Debit Card
ORD0634,2024-08-19 06:37:50.270270,CUST0051,PROD0003,Jeans,Clothing,4,6943,10,24994.8,3203.63,East,Cash on Delivery
ORD0635,2024-08-19 15:23:57.837837,CUST0299,PROD0076,Smartphone,Electronics,3,27823,15,70948.65,15774.04,North,Credit Card
ORD0636,2024-08-20 00:10:05.405405,CUST0098,PROD0076,Smartphone,Electronics,1,37027,10,33324.3,5742.1,East,Debit Card
ORD0637,2024-08-20 08:56:12.972972,CUST0216,PROD0066,Smartphone,Electronics,2,11305,10,20349.0,2921.05,Central,Credit Card
ORD0638,2024-08-20 17:42:20.540540,CUST0177,PROD0046,Bottle,Home & Kitchen,5,43843,20,175372.0,32672.87,North,Cash on Delivery
ORD0639,2024-08-21 02:28:28.108108,CUST0080,PROD0086,Python Book,Books,5,461,10,2074.5,170.31,East,Credit Card
ORD0640,2024-08-21 11:14:35.675675,CUST0185,PROD0087,Lamp,Home & Kitchen,3,16329,10,44088.3,4598.56,Central,UPI
ORD0641,2024-08-21 20:00:43.243243,CUST0027,PROD0030,Business Book,Books,5,50045,15,212691.25,43854.79,East,Debit Card
ORD0642,2024-08-22 04:46:50.810810,CUST0195,PROD0069,Lamp,Home & Kitchen,5,14526,20,58104.0,7060.07,Central,UPI
ORD0643,2024-08-22 13:32:58.378378,CUST0214,PROD0009,Lamp,Home & Kitchen,1,29031,10,26127.9,4746.43,Central,UPI
ORD0644,2024-08-22 22:19:05.945945,CUST0114,PROD0085,T-Shirt,Clothing,4,44222,5,168043.6,24444.87,North,Debit Card
ORD0645,2024-08-23 07:05:13.513513,CUST0242,PROD0011,Mixer,Home & Kitchen,3,45148,0,135444.0,30517.83,South,Debit Card
ORD0646,2024-08-23 15:51:21.081081,CUST0124,PROD0069,Chair,Furniture,1,3690,15,3136.5,758.75,Central,Credit Card
ORD0647,2024-08-24 00:37:28.648648,CUST0076,PROD0099,Jeans,Clothing,4,6297,10,22669.2,5218.59,Central,Debit Card
ORD0648,2024-08-24 09:23:36.216216,CUST0196,PROD0091,Bottle,Home & Kitchen,1,55806,5,53015.7,6680.26,North,UPI
ORD0649,2024-08-24 18:09:43.783783,CUST0044,PROD0066,Smartphone,Electronics,1,12993,10,11693.7,1321.48,South,UPI
ORD0650,2024-08-25 02:55:51.351351,CUST0186,PROD0088,Sofa,Furniture,5,50115,10,225517.5,36230.27,West,Cash on Delivery
ORD0651,2024-08-25 11:41:58.918918,CUST0246,PROD0031,Sofa,Furniture,4,42392,20,135654.4,11021.49,West,Debit Card
ORD0652,2024-08-25 20:28:06.486486,CUST0084,PROD0033,Bookshelf,Furniture,3,841,20,2018.4,170.33,South,UPI
ORD0653,2024-08-26 05:14:14.054054,CUST0207,PROD0039,Jacket,Clothing,3,22117,20,53080.8,9239.21,East,Cash on Delivery
ORD0654,2024-08-26 14:00:21.621621,CUST0151,PROD0094,Bottle,Home & Kitchen,4,38161,5,145011.8,24431.07,North,Cash on Delivery
ORD0655,2024-08-26 22:46:29.189189,CUST0156,PROD0046,Bottle,Home & Kitchen,5,13728,10,61776.0,15387.1,South,Credit Card
ORD0656,2024-08-27 07:32:36.756756,CUST0016,PROD0037,Smartphone,Electronics,2,44234,0,88468.0,10113.05,West,UPI
ORD0657,2024-08-27 16:18:44.324324,CUST0165,PROD0092,Smartphone,Electronics,1,50319,15,42771.15,5298.39,Central,Credit Card
ORD0658,2024-08-28 01:04:51.891891,CUST0145,PROD0060,Bookshelf,Furniture,5,49131,20,196524.0,19515.21,West,UPI
ORD0659,2024-08-28 09:50:59.459459,CUST0037,PROD0031,Laptop,Electronics,4,10558,20,33785.6,7972.8,Central,Credit Card
ORD0660,2024-08-28 18:37:07.027027,CUST0045,PROD0011,Shoes,Clothing,1,58075,10,52267.5,11092.62,North,Credit Card
ORD0661,2024-08-29 03:23:14.594594,CUST0206,PROD0087,Cookware Set,Home & Kitchen,3,16344,10,44128.8,9699.41,Central,Debit Card
ORD0662,2024-08-29 12:09:22.162162,CUST0062,PROD0002,Bookshelf,Furniture,2,29711,5,56450.9,13179.58,South,Credit Card
ORD0663,2024-08-29 20:55:29.729729,CUST0019,PROD0027,Smartphone,Electronics,3,5769,5,16441.65,2782.47,Central,Debit Card
ORD0664,2024-08-30 05:41:37.297297,CUST0300,PROD0099,Shoes,Clothing,4,29154,20,93292.8,14619.25,East,Cash on Delivery
ORD0665,2024-08-30 14:27:44.864864,CUST0007,PROD0002,Shoes,Clothing,1,6556,10,5900.4,803.44,South,UPI
ORD0666,2024-08-30 23:13:52.432432,CUST0249,PROD0021,Mouse,Electronics,4,58850,0,235400.0,42411.19,North,Cash on Delivery
ORD0667,2024-08-31 08:00:00.000000,CUST0117,PROD0058,Mixer,Home & Kitchen,1,11020,15,9367.0,1472.75,South,UPI
ORD0668,2024-08-31 16:46:07.567567,CUST0068,PROD0005,Mouse,Electronics,5,34237,10,154066.5,24152.41,East,Cash on Delivery
ORD0669,2024-09-01 01:32:15.135135,CUST0034,PROD0052,Bookshelf,Furniture,2,33898,10,61016.4,14599.87,North,UPI
ORD0670,2024-09-01 10:18:22.702702,CUST0194,PROD0045,Smartphone,Electronics,5,1951,5,9267.25,2291.66,West,Credit Card
ORD0671,2024-09-01 19:04:30.270270,CUST0055,PROD0085,Jacket,Clothing,5,50588,15,214999.0,46311.29,East,UPI
ORD0672,2024-09-02 03:50:37.837837,CUST0266,PROD0093,Keyboard,Electronics,4,19494,20,62380.8,13015.68,North,UPI
ORD0673,2024-09-02 12:36:45.405405,CUST0042,PROD0020,Coffee Maker,Home & Kitchen,2,25351,10,45631.8,8929.91,Central,Cash on Delivery
ORD0674,2024-09-02 21:22:52.972972,CUST0297,PROD0061,Business Book,Books,1,27686,20,22148.8,2397.22,South,Cash on Delivery
ORD0675,2024-09-03 06:09:00.540540,CUST0231,PROD0038,Mouse,Electronics,1,9818,10,8836.2,795.68,North,Cash on Delivery
ORD0676,2024-09-03 14:55:08.108108,CUST0010,PROD0020,Lamp,Home & Kitchen,3,46326,20,111182.4,21950.02,South,Debit Card
ORD0677,2024-09-03 23:41:15.675675,CUST0128,PROD0025,Bottle,Home & Kitchen,1,16484,15,14011.4,2856.84,Central,Debit Card
ORD0678,2024-09-04 08:27:23.243243,CUST0179,PROD0002,Jeans,Clothing,4,34087,5,129530.6,11396.8,North,UPI
ORD0679,2024-09-04 17:13:30.810810,CUST0193,PROD0032,Cookware Set,Home & Kitchen,5,21921,15,93164.25,22151.55,West,UPI
ORD0680,2024-09-05 01:59:38.378378,CUST0092,PROD0026,Lamp,Home & Kitchen,5,10328,0,51640.0,4931.31,East,Credit Card
ORD0681,2024-09-05 10:45:45.945945,CUST0231,PROD0070,Coffee Maker,Home & Kitchen,5,12748,5,60553.0,7787.3,North,Credit Card
ORD0682,2024-09-05 19:31:53.513513,CUST0078,PROD0041,Mixer,Home & Kitchen,2,45553,15,77440.1,15047.1,Central,UPI
ORD0683,2024-09-06 04:18:01.081081,CUST0085,PROD0067,Bookshelf,Furniture,1,34351,0,34351.0,3740.08,North,Debit Card
ORD0684,2024-09-06 13:04:08.648648,CUST0030,PROD0097,Bookshelf,Furniture,4,50111,10,180399.6,16131.46,South,UPI
ORD0685,2024-09-06 21:50:16.216216,CUST0213,PROD0001,Shoes,Clothing,2,30747,10,55344.6,7543.19,North,Credit Card
ORD0686,2024-09-07 06:36:23.783783,CUST0049,PROD0051,Smartphone,Electronics,3,18694,20,44865.6,9431.43,West,Debit Card
ORD0687,2024-09-07 15:22:31.351351,CUST0265,PROD0005,Lamp,Home & Kitchen,4,58042,5,220559.6,33155.7,North,Debit Card
ORD0688,2024-09-08 00:08:38.918918,CUST0145,PROD0013,Headphones,Electronics,4,34801,10,125283.6,23929.84,East,Credit Card
ORD0689,2024-09-08 08:54:46.486486,CUST0069,PROD0019,Mouse,Electronics,4,30554,5,116105.2,20728.87,North,UPI
ORD0690,2024-09-08 17:40:54.054054,CUST0058,PROD0012,Hoodie,Clothing,5,18809,10,84640.5,7090.94,South,Cash on Delivery
ORD0691,2024-09-09 02:27:01.621621,CUST0185,PROD0048,Mixer,Home & Kitchen,4,51623,20,165193.6,40976.57,North,UPI
ORD0692,2024-09-09 11:13:09.189189,CUST0062,PROD0025,Bottle,Home & Kitchen,1,57718,15,49060.3,4270.34,West,UPI
ORD0693,2024-09-09 19:59:16.756756,CUST0296,PROD0057,Python Book,Books,4,49298,20,157753.6,38574.93,Central,Credit Card
ORD0694,2024-09-10 04:45:24.324324,CUST0166,PROD0035,Mouse,Electronics,5,14772,0,73860.0,12813.0,North,Debit Card
ORD0695,2024-09-10 13:31:31.891891,CUST0171,PROD0076,Smartphone,Electronics,4,45957,10,165445.2,40325.12,North,Credit Card
ORD0696,2024-09-10 22:17:39.459459,CUST0063,PROD0094,Desk,Furniture,3,3771,0,11313.0,1125.74,East,UPI
ORD0697,2024-09-11 07:03:47.027027,CUST0147,PROD0005,Novel,Books,3,42096,0,126288.0,20631.6,West,Cash on Delivery
ORD0698,2024-09-11 15:49:54.594594,CUST0161,PROD0098,Desk,Furniture,5,55076,5,261611.0,28467.38,Central,Cash on Delivery
ORD0699,2024-09-12 00:36:02.162162,CUST0141,PROD0022,Sofa,Furniture,1,58143,10,52328.7,4639.76,South,Cash on Delivery
ORD0700,2024-09-12 09:22:09.729729,CUST0097,PROD0077,Sofa,Furniture,1,30568,0,30568.0,5654.47,North,Credit Card
ORD0701,2024-09-12 18:08:17.297297,CUST0221,PROD0057,Shoes,Clothing,2,8629,15,14669.3,1691.71,Central,Debit Card
ORD0702,2024-09-13 02:54:24.864864,CUST0043,PROD0047,Shoes,Clothing,5,35165,0,175825.0,31632.41,South,Credit Card
ORD0703,2024-09-13 11:40:32.432432,CUST0292,PROD0054,Sofa,Furniture,4,47150,15,160310.0,15887.04,West,Cash on Delivery
ORD0704,2024-09-13 20:26:40.000000,CUST0108,PROD0003,SQL Book,Books,5,54520,5,258970.0,35333.27,West,UPI
ORD0705,2024-09-14 05:12:47.567567,CUST0266,PROD0053,Laptop,Electronics,2,46998,0,93996.0,20009.64,Central,Debit Card
ORD0706,2024-09-14 13:58:55.135135,CUST0095,PROD0084,Data Science Book,Books,5,28572,20,114288.0,17634.5,South,Credit Card
ORD0707,2024-09-14 22:45:02.702702,CUST0262,PROD0031,Mixer,Home & Kitchen,5,43145,5,204938.75,38265.49,West,Credit Card
ORD0708,2024-09-15 07:31:10.270270,CUST0071,PROD0069,Shoes,Clothing,2,6697,15,11384.9,2163.9,Central,Debit Card
ORD0709,2024-09-15 16:17:17.837837,CUST0219,PROD0088,Smartphone,Electronics,1,32673,5,31039.35,6935.38,West,Debit Card
ORD0710,2024-09-16 01:03:25.405405,CUST0021,PROD0033,Mouse,Electronics,4,35825,0,143300.0,19379.44,West,UPI
ORD0711,2024-09-16 09:49:32.972972,CUST0092,PROD0072,Cookware Set,Home & Kitchen,2,53372,10,96069.6,18910.36,West,Debit Card
ORD0712,2024-09-16 18:35:40.540540,CUST0127,PROD0088,Bottle,Home & Kitchen,3,24870,10,67149.0,16349.08,East,UPI
ORD0713,2024-09-17 03:21:48.108108,CUST0080,PROD0050,Table,Furniture,1,18584,15,15796.4,3224.7,South,Cash on Delivery
ORD0714,2024-09-17 12:07:55.675675,CUST0238,PROD0084,Jeans,Clothing,3,19294,15,49199.7,8033.23,Central,Cash on Delivery
ORD0715,2024-09-17 20:54:03.243243,CUST0182,PROD0016,Shoes,Clothing,1,23584,10,21225.6,3973.9,Central,Credit Card
ORD0716,2024-09-18 05:40:10.810810,CUST0025,PROD0076,SQL Book,Books,4,18133,15,61652.2,12684.7,South,Cash on Delivery
ORD0717,2024-09-18 14:26:18.378378,CUST0156,PROD0077,Bookshelf,Furniture,4,25422,5,96603.6,17783.46,South,Cash on Delivery
ORD0718,2024-09-18 23:12:25.945945,CUST0005,PROD0039,Bookshelf,Furniture,5,5317,20,21268.0,1761.73,South,UPI
ORD0719,2024-09-19 07:58:33.513513,CUST0120,PROD0089,Table,Furniture,3,16670,20,40008.0,4525.36,South,Credit Card
ORD0720,2024-09-19 16:44:41.081081,CUST0277,PROD0046,Desk,Furniture,1,29552,5,28074.4,6114.03,North,Debit Card
ORD0721,2024-09-20 01:30:48.648648,CUST0018,PROD0096,Shoes,Clothing,4,8299,20,26556.8,3355.47,Central,Credit Card
ORD0722,2024-09-20 10:16:56.216216,CUST0198,PROD0088,Jacket,Clothing,2,22736,0,45472.0,9292.91,North,Cash on Delivery
ORD0723,2024-09-20 19:03:03.783783,CUST0057,PROD0047,Desk,Furniture,4,43263,5,164399.4,23551.93,West,Debit Card
ORD0724,2024-09-21 03:49:11.351351,CUST0093,PROD0044,SQL Book,Books,2,2396,15,4073.2,687.23,West,Credit Card
ORD0725,2024-09-21 12:35:18.918918,CUST0019,PROD0009,Mouse,Electronics,1,48501,5,46075.95,4218.5,Central,Credit Card
ORD0726,2024-09-21 21:21:26.486486,CUST0193,PROD0087,Laptop,Electronics,4,25579,10,92084.4,10203.72,West,Credit Card
ORD0727,2024-09-22 06:07:34.054054,CUST0237,PROD0050,Data Science Book,Books,4,55856,15,189910.4,46095.71,South,Credit Card
ORD0728,2024-09-22 14:53:41.621621,CUST0277,PROD0077,Table,Furniture,1,43663,10,39296.7,9090.25,North,UPI
ORD0729,2024-09-22 23:39:49.189189,CUST0227,PROD0060,Shoes,Clothing,4,49009,15,166630.6,31807.58,South,Credit Card
ORD0730,2024-09-23 08:25:56.756756,CUST0233,PROD0096,Smartphone,Electronics,2,26501,20,42401.6,6705.37,West,Cash on Delivery
ORD0731,2024-09-23 17:12:04.324324,CUST0040,PROD0015,Bottle,Home & Kitchen,4,20015,5,76057.0,14821.94,North,Cash on Delivery
ORD0732,2024-09-24 01:58:11.891891,CUST0153,PROD0036,Cookware Set,Home & Kitchen,3,29609,0,88827.0,16447.54,South,UPI
ORD0733,2024-09-24 10:44:19.459459,CUST0127,PROD0063,Business Book,Books,5,15378,15,65356.5,11545.48,Central,Debit Card
ORD0734,2024-09-24 19:30:27.027027,CUST0237,PROD0069,Desk,Furniture,2,56914,15,96753.8,8713.66,South,Debit Card
ORD0735,2024-09-25 04:16:34.594594,CUST0055,PROD0086,Mouse,Electronics,3,5405,10,14593.5,2737.4,West,Cash on Delivery
ORD0736,2024-09-25 13:02:42.162162,CUST0172,PROD0080,Chair,Furniture,1,52430,20,41944.0,8838.29,North,Cash on Delivery
ORD0737,2024-09-25 21:48:49.729729,CUST0109,PROD0041,Keyboard,Electronics,2,29612,10,53301.6,13271.77,Central,UPI
ORD0738,2024-09-26 06:34:57.297297,CUST0184,PROD0074,Business Book,Books,5,3139,10,14125.5,1156.64,North,Debit Card
ORD0739,2024-09-26 15:21:04.864864,CUST0198,PROD0024,Python Book,Books,5,3684,20,14736.0,3008.05,Central,Debit Card
ORD0740,2024-09-27 00:07:12.432432,CUST0087,PROD0082,Bottle,Home & Kitchen,1,43919,0,43919.0,7782.63,North,Credit Card
ORD0741,2024-09-27 08:53:20.000000,CUST0201,PROD0049,Table,Furniture,1,43121,10,38808.9,5968.38,West,Credit Card
ORD0742,2024-09-27 17:39:27.567567,CUST0275,PROD0018,Mixer,Home & Kitchen,2,13793,10,24827.4,2524.62,Central,Credit Card
ORD0743,2024-09-28 02:25:35.135135,CUST0211,PROD0007,Bookshelf,Furniture,4,17369,15,59054.6,8831.29,East,UPI
ORD0744,2024-09-28 11:11:42.702702,CUST0118,PROD0004,Mixer,Home & Kitchen,1,47207,20,37765.6,5296.4,North,Cash on Delivery
ORD0745,2024-09-28 19:57:50.270270,CUST0191,PROD0090,T-Shirt,Clothing,4,7831,5,29757.8,3912.59,North,UPI
ORD0746,2024-09-29 04:43:57.837837,CUST0042,PROD0069,Shoes,Clothing,3,37351,0,112053.0,22886.77,South,Debit Card
ORD0747,2024-09-29 13:30:05.405405,CUST0042,PROD0060,Jeans,Clothing,5,8036,0,40180.0,8000.78,Central,Cash on Delivery
ORD0748,2024-09-29 22:16:12.972972,CUST0276,PROD0055,Jacket,Clothing,4,8010,20,25632.0,4617.18,East,Credit Card
ORD0749,2024-09-30 07:02:20.540540,CUST0017,PROD0016,Mouse,Electronics,5,1919,15,8155.75,1953.9,West,UPI
ORD0750,2024-09-30 15:48:28.108108,CUST0283,PROD0099,Hoodie,Clothing,4,14275,15,48535.0,6769.43,South,UPI
ORD0751,2024-10-01 00:34:35.675675,CUST0258,PROD0090,Python Book,Books,3,45903,20,110167.2,13379.4,East,Credit Card
ORD0752,2024-10-01 09:20:43.243243,CUST0063,PROD0082,Novel,Books,1,23552,15,20019.2,3833.75,Central,UPI
ORD0753,2024-10-01 18:06:50.810810,CUST0062,PROD0029,Keyboard,Electronics,3,15561,0,46683.0,5312.45,East,Credit Card
ORD0754,2024-10-02 02:52:58.378378,CUST0100,PROD0023,Hoodie,Clothing,1,1731,0,1731.0,231.18,North,Debit Card
ORD0755,2024-10-02 11:39:05.945945,CUST0019,PROD0014,Jacket,Clothing,1,9367,5,8898.65,1051.66,North,Cash on Delivery
ORD0756,2024-10-02 20:25:13.513513,CUST0017,PROD0079,Jeans,Clothing,5,37781,20,151124.0,13866.55,South,Debit Card
ORD0757,2024-10-03 05:11:21.081081,CUST0246,PROD0049,Lamp,Home & Kitchen,3,27337,10,73809.9,16287.98,Central,Debit Card
ORD0758,2024-10-03 13:57:28.648648,CUST0251,PROD0033,Table,Furniture,4,9857,10,35485.2,4374.33,Central,Credit Card
ORD0759,2024-10-03 22:43:36.216216,CUST0081,PROD0025,Coffee Maker,Home & Kitchen,3,9735,5,27744.75,4450.67,East,UPI
ORD0760,2024-10-04 07:29:43.783783,CUST0039,PROD0021,Table,Furniture,5,38066,5,180813.5,15796.52,South,Debit Card
ORD0761,2024-10-04 16:15:51.351351,CUST0036,PROD0017,Shoes,Clothing,1,462,15,392.7,78.1,Central,Debit Card
ORD0762,2024-10-05 01:01:58.918918,CUST0197,PROD0023,T-Shirt,Clothing,5,35042,5,166449.5,22669.65,North,Debit Card
ORD0763,2024-10-05 09:48:06.486486,CUST0158,PROD0057,Mixer,Home & Kitchen,2,19975,5,37952.5,7841.19,East,UPI
ORD0764,2024-10-05 18:34:14.054054,CUST0204,PROD0081,Coffee Maker,Home & Kitchen,2,8761,10,15769.8,2367.18,West,UPI
ORD0765,2024-10-06 03:20:21.621621,CUST0196,PROD0058,Sofa,Furniture,4,17315,15,58871.0,6668.82,North,Credit Card
ORD0766,2024-10-06 12:06:29.189189,CUST0216,PROD0014,Data Science Book,Books,5,50357,5,239195.75,40003.04,South,Debit Card
ORD0767,2024-10-06 20:52:36.756756,CUST0285,PROD0093,Sofa,Furniture,4,32891,5,124985.8,12771.77,Central,Cash on Delivery
ORD0768,2024-10-07 05:38:44.324324,CUST0196,PROD0020,Mixer,Home & Kitchen,4,28347,15,96379.8,14928.43,North,UPI
ORD0769,2024-10-07 14:24:51.891891,CUST0152,PROD0030,Mixer,Home & Kitchen,2,35082,20,56131.2,7518.32,West,Credit Card
ORD0770,2024-10-07 23:10:59.459459,CUST0014,PROD0019,Keyboard,Electronics,4,10133,15,34452.2,8097.41,West,Debit Card
ORD0771,2024-10-08 07:57:07.027027,CUST0146,PROD0053,Bottle,Home & Kitchen,2,8196,10,14752.8,1333.03,South,Cash on Delivery
ORD0772,2024-10-08 16:43:14.594594,CUST0057,PROD0056,Laptop,Electronics,1,33272,20,26617.6,5269.83,North,UPI
ORD0773,2024-10-09 01:29:22.162162,CUST0211,PROD0077,Data Science Book,Books,5,50033,0,250165.0,27785.25,East,Cash on Delivery
ORD0774,2024-10-09 10:15:29.729729,CUST0268,PROD0082,Desk,Furniture,4,55127,15,187431.8,25160.41,North,UPI
ORD0775,2024-10-09 19:01:37.297297,CUST0210,PROD0023,Desk,Furniture,2,42100,10,75780.0,11415.3,West,Credit Card
ORD0776,2024-10-10 03:47:44.864864,CUST0017,PROD0062,Keyboard,Electronics,3,30808,20,73939.2,17328.58,South,Cash on Delivery
ORD0777,2024-10-10 12:33:52.432432,CUST0286,PROD0033,Desk,Furniture,4,5647,15,19199.8,2327.75,South,Debit Card
ORD0778,2024-10-10 21:20:00.000000,CUST0203,PROD0018,Mixer,Home & Kitchen,1,59363,5,56394.85,5386.98,East,Debit Card
ORD0779,2024-10-11 06:06:07.567567,CUST0099,PROD0073,T-Shirt,Clothing,1,30614,15,26021.9,3491.55,South,UPI
ORD0780,2024-10-11 14:52:15.135135,CUST0279,PROD0033,Keyboard,Electronics,3,2943,0,8829.0,863.43,South,Debit Card
ORD0781,2024-10-11 23:38:22.702702,CUST0209,PROD0032,Sofa,Furniture,2,41085,15,69844.5,7114.46,South,Cash on Delivery
ORD0782,2024-10-12 08:24:30.270270,CUST0129,PROD0061,Keyboard,Electronics,4,18981,20,60739.2,10784.52,South,Credit Card
ORD0783,2024-10-12 17:10:37.837837,CUST0288,PROD0054,Headphones,Electronics,2,50326,20,80521.6,7275.39,South,UPI
ORD0784,2024-10-13 01:56:45.405405,CUST0252,PROD0017,Hoodie,Clothing,1,38628,15,32833.8,2799.35,West,Cash on Delivery
ORD0785,2024-10-13 10:42:52.972972,CUST0265,PROD0019,Bottle,Home & Kitchen,2,16192,20,25907.2,5219.02,North,UPI
ORD0786,2024-10-13 19:29:00.540540,CUST0271,PROD0091,Smartphone,Electronics,1,47599,5,45219.05,6397.59,Central,Credit Card
ORD0787,2024-10-14 04:15:08.108108,CUST0188,PROD0070,Table,Furniture,2,17373,15,29534.1,2992.21,South,UPI
ORD0788,2024-10-14 13:01:15.675675,CUST0214,PROD0099,Python Book,Books,3,37068,5,105643.8,13006.25,Central,Debit Card
ORD0789,2024-10-14 21:47:23.243243,CUST0283,PROD0034,Mouse,Electronics,5,30982,5,147164.5,27836.86,Central,Debit Card
ORD0790,2024-10-15 06:33:30.810810,CUST0211,PROD0084,Keyboard,Electronics,3,32562,10,87917.4,11151.55,West,UPI
ORD0791,2024-10-15 15:19:38.378378,CUST0076,PROD0025,Jeans,Clothing,3,31658,15,80727.9,13244.91,South,Credit Card
ORD0792,2024-10-16 00:05:45.945945,CUST0148,PROD0068,Coffee Maker,Home & Kitchen,5,59066,20,236264.0,23789.0,Central,Credit Card
ORD0793,2024-10-16 08:51:53.513513,CUST0213,PROD0074,Python Book,Books,5,14589,5,69297.75,12471.93,South,Debit Card
ORD0794,2024-10-16 17:38:01.081081,CUST0109,PROD0074,Bookshelf,Furniture,4,50123,10,180442.8,24131.19,East,Credit Card
ORD0795,2024-10-17 02:24:08.648648,CUST0129,PROD0088,Business Book,Books,4,8227,15,27971.8,5219.11,East,UPI
ORD0796,2024-10-17 11:10:16.216216,CUST0010,PROD0085,Desk,Furniture,3,48630,15,124006.5,26962.38,East,Cash on Delivery
ORD0797,2024-10-17 19:56:23.783783,CUST0047,PROD0011,Lamp,Home & Kitchen,3,1471,0,4413.0,811.9,Central,UPI
ORD0798,2024-10-18 04:42:31.351351,CUST0096,PROD0091,Desk,Furniture,1,55043,0,55043.0,7170.84,East,Debit Card
ORD0799,2024-10-18 13:28:38.918918,CUST0103,PROD0016,T-Shirt,Clothing,1,12218,5,11607.1,1433.2,West,Debit Card
ORD0800,2024-10-18 22:14:46.486486,CUST0146,PROD0090,T-Shirt,Clothing,4,42203,0,168812.0,22901.3,West,Debit Card
ORD0801,2024-10-19 07:00:54.054054,CUST0027,PROD0061,Jacket,Clothing,4,39410,5,149758.0,16171.69,Central,Credit Card
ORD0802,2024-10-19 15:47:01.621621,CUST0220,PROD0094,Shoes,Clothing,1,50901,20,40720.8,4511.83,South,UPI
ORD0803,2024-10-20 00:33:09.189189,CUST0018,PROD0080,SQL Book,Books,1,12229,5,11617.55,2491.01,North,Cash on Delivery
ORD0804,2024-10-20 09:19:16.756756,CUST0167,PROD0007,Bottle,Home & Kitchen,2,2839,0,5678.0,825.61,South,UPI
ORD0805,2024-10-20 18:05:24.324324,CUST0082,PROD0016,Desk,Furniture,2,37027,20,59243.2,9130.51,South,Cash on Delivery
ORD0806,2024-10-21 02:51:31.891891,CUST0072,PROD0099,Table,Furniture,1,46251,0,46251.0,8370.89,South,UPI
ORD0807,2024-10-21 11:37:39.459459,CUST0254,PROD0016,Jacket,Clothing,2,22969,5,43641.1,7865.92,South,Debit Card
ORD0808,2024-10-21 20:23:47.027027,CUST0162,PROD0040,Jacket,Clothing,5,5732,10,25794.0,2358.97,North,Cash on Delivery
ORD0809,2024-10-22 05:09:54.594594,CUST0038,PROD0012,Smartphone,Electronics,4,20944,15,71209.6,15763.09,East,UPI
ORD0810,2024-10-22 13:56:02.162162,CUST0201,PROD0035,Mixer,Home & Kitchen,4,19045,0,76180.0,8390.89,South,Credit Card
ORD0811,2024-10-22 22:42:09.729729,CUST0200,PROD0021,SQL Book,Books,1,55616,5,52835.2,10721.43,West,Credit Card
ORD0812,2024-10-23 07:28:17.297297,CUST0255,PROD0050,Desk,Furniture,3,28528,20,68467.2,14470.82,Central,UPI
ORD0813,2024-10-23 16:14:24.864864,CUST0179,PROD0043,Laptop,Electronics,1,53122,0,53122.0,10705.83,Central,Debit Card
ORD0814,2024-10-24 01:00:32.432432,CUST0035,PROD0100,Headphones,Electronics,2,34821,0,69642.0,12425.96,West,Cash on Delivery
ORD0815,2024-10-24 09:46:40.000000,CUST0082,PROD0017,Table,Furniture,3,57552,15,146757.6,12105.08,South,UPI
ORD0816,2024-10-24 18:32:47.567567,CUST0220,PROD0032,Novel,Books,2,32003,5,60805.7,8589.65,North,Credit Card
ORD0817,2024-10-25 03:18:55.135135,CUST0158,PROD0041,Keyboard,Electronics,5,27228,10,122526.0,22400.53,East,Cash on Delivery
ORD0818,2024-10-25 12:05:02.702702,CUST0004,PROD0006,Mouse,Electronics,2,18622,20,29795.2,4346.13,Central,Credit Card
ORD0819,2024-10-25 20:51:10.270270,CUST0167,PROD0088,Bottle,Home & Kitchen,5,58014,5,275566.5,62496.16,East,Credit Card
ORD0820,2024-10-26 05:37:17.837837,CUST0204,PROD0027,SQL Book,Books,5,22660,20,90640.0,12009.47,North,UPI
ORD0821,2024-10-26 14:23:25.405405,CUST0194,PROD0020,Smartphone,Electronics,2,29355,0,58710.0,7626.48,Central,Credit Card
ORD0822,2024-10-26 23:09:32.972972,CUST0235,PROD0025,Novel,Books,2,43191,15,73424.7,9194.21,East,Cash on Delivery
ORD0823,2024-10-27 07:55:40.540540,CUST0206,PROD0066,Table,Furniture,5,16676,15,70873.0,9679.32,North,Debit Card
ORD0824,2024-10-27 16:41:48.108108,CUST0150,PROD0009,Hoodie,Clothing,3,6888,10,18597.6,3250.1,East,UPI
ORD0825,2024-10-28 01:27:55.675675,CUST0159,PROD0092,Laptop,Electronics,5,25300,15,107525.0,21525.71,South,Cash on Delivery
ORD0826,2024-10-28 10:14:03.243243,CUST0279,PROD0053,Coffee Maker,Home & Kitchen,4,6604,0,26416.0,5088.69,North,UPI
ORD0827,2024-10-28 19:00:10.810810,CUST0166,PROD0061,Desk,Furniture,5,7645,10,34402.5,7476.08,East,Credit Card
ORD0828,2024-10-29 03:46:18.378378,CUST0068,PROD0038,SQL Book,Books,3,29600,5,84360.0,19453.87,South,Credit Card
ORD0829,2024-10-29 12:32:25.945945,CUST0088,PROD0003,Chair,Furniture,4,24559,15,83500.6,18264.37,South,Cash on Delivery
ORD0830,2024-10-29 21:18:33.513513,CUST0217,PROD0084,Smartphone,Electronics,1,25770,10,23193.0,1930.14,North,Cash on Delivery
ORD0831,2024-10-30 06:04:41.081081,CUST0001,PROD0070,Data Science Book,Books,1,23317,0,23317.0,4782.46,West,Debit Card
ORD0832,2024-10-30 14:50:48.648648,CUST0135,PROD0097,Jeans,Clothing,3,15652,20,37564.8,4336.03,Central,Cash on Delivery
ORD0833,2024-10-30 23:36:56.216216,CUST0185,PROD0055,Table,Furniture,5,33665,20,134660.0,13815.82,North,Cash on Delivery
ORD0834,2024-10-31 08:23:03.783783,CUST0140,PROD0001,Smartphone,Electronics,2,19746,0,39492.0,7445.94,South,UPI
ORD0835,2024-10-31 17:09:11.351351,CUST0106,PROD0070,Mixer,Home & Kitchen,3,2636,0,7908.0,1062.49,South,Credit Card
ORD0836,2024-11-01 01:55:18.918918,CUST0133,PROD0045,SQL Book,Books,4,10179,20,32572.8,2922.1,North,Cash on Delivery
ORD0837,2024-11-01 10:41:26.486486,CUST0108,PROD0098,Chair,Furniture,4,32616,10,117417.6,12140.63,West,Debit Card
ORD0838,2024-11-01 19:27:34.054054,CUST0178,PROD0047,Sofa,Furniture,1,33640,20,26912.0,2157.21,Central,Cash on Delivery
ORD0839,2024-11-02 04:13:41.621621,CUST0298,PROD0079,Jacket,Clothing,4,7821,0,31284.0,7306.32,East,Credit Card
ORD0840,2024-11-02 12:59:49.189189,CUST0146,PROD0026,T-Shirt,Clothing,3,6471,15,16501.05,1389.14,North,Cash on Delivery
ORD0841,2024-11-02 21:45:56.756756,CUST0074,PROD0014,Bottle,Home & Kitchen,4,23781,5,90367.8,10447.19,Central,UPI
ORD0842,2024-11-03 06:32:04.324324,CUST0108,PROD0054,Mixer,Home & Kitchen,3,18774,15,47873.7,7217.66,Central,Credit Card
ORD0843,2024-11-03 15:18:11.891891,CUST0122,PROD0071,Laptop,Electronics,2,47060,15,80002.0,11249.65,South,Cash on Delivery
ORD0844,2024-11-04 00:04:19.459459,CUST0017,PROD0046,Headphones,Electronics,1,56018,0,56018.0,13163.86,East,UPI
ORD0845,2024-11-04 08:50:27.027027,CUST0196,PROD0031,Coffee Maker,Home & Kitchen,4,44929,20,143772.8,12486.54,North,Credit Card
ORD0846,2024-11-04 17:36:34.594594,CUST0297,PROD0088,Coffee Maker,Home & Kitchen,3,45532,10,122936.4,20539.78,South,Cash on Delivery
ORD0847,2024-11-05 02:22:42.162162,CUST0252,PROD0059,Python Book,Books,5,21308,15,90559.0,17720.72,South,UPI
ORD0848,2024-11-05 11:08:49.729729,CUST0119,PROD0095,Jeans,Clothing,1,1933,20,1546.4,368.64,West,Debit Card
ORD0849,2024-11-05 19:54:57.297297,CUST0162,PROD0029,Keyboard,Electronics,2,50969,10,91744.2,17015.16,Central,UPI
ORD0850,2024-11-06 04:41:04.864864,CUST0198,PROD0096,Jeans,Clothing,3,12785,15,32601.75,7062.79,North,Debit Card
ORD0851,2024-11-06 13:27:12.432432,CUST0045,PROD0017,Jeans,Clothing,2,43917,10,79050.6,7449.19,North,Cash on Delivery
ORD0852,2024-11-06 22:13:20.000000,CUST0179,PROD0014,Mixer,Home & Kitchen,2,3948,20,6316.8,919.79,North,UPI
ORD0853,2024-11-07 06:59:27.567567,CUST0044,PROD0036,Python Book,Books,4,48245,5,183331.0,26321.02,South,Debit Card
ORD0854,2024-11-07 15:45:35.135135,CUST0271,PROD0058,Chair,Furniture,4,13440,20,43008.0,9920.61,West,Credit Card
ORD0855,2024-11-08 00:31:42.702702,CUST0078,PROD0024,Python Book,Books,3,18221,0,54663.0,5779.69,East,UPI
ORD0856,2024-11-08 09:17:50.270270,CUST0178,PROD0063,Business Book,Books,5,14657,10,65956.5,6979.56,South,Cash on Delivery
ORD0857,2024-11-08 18:03:57.837837,CUST0003,PROD0091,T-Shirt,Clothing,3,46436,5,132342.6,17979.39,East,Credit Card
ORD0858,2024-11-09 02:50:05.405405,CUST0214,PROD0025,Business Book,Books,5,3437,10,15466.5,1380.53,West,Debit Card
ORD0859,2024-11-09 11:36:12.972972,CUST0074,PROD0059,Mouse,Electronics,2,56437,10,101586.6,11277.93,Central,UPI
ORD0860,2024-11-09 20:22:20.540540,CUST0051,PROD0032,T-Shirt,Clothing,1,397,15,337.45,82.37,North,UPI
ORD0861,2024-11-10 05:08:28.108108,CUST0067,PROD0082,Headphones,Electronics,3,11707,0,35121.0,5366.18,East,Cash on Delivery
ORD0862,2024-11-10 13:54:35.675675,CUST0093,PROD0018,Sofa,Furniture,3,30875,10,83362.5,15625.74,South,Credit Card
ORD0863,2024-11-10 22:40:43.243243,CUST0176,PROD0037,Jeans,Clothing,5,13022,20,52088.0,10596.73,East,UPI
ORD0864,2024-11-11 07:26:50.810810,CUST0145,PROD0026,Desk,Furniture,2,13224,20,21158.4,3012.61,Central,UPI
ORD0865,2024-11-11 16:12:58.378378,CUST0007,PROD0009,Shoes,Clothing,2,4050,15,6885.0,723.12,North,Credit Card
ORD0866,2024-11-12 00:59:05.945945,CUST0269,PROD0099,Lamp,Home & Kitchen,5,28033,0,140165.0,16135.62,East,UPI
ORD0867,2024-11-12 09:45:13.513513,CUST0004,PROD0064,SQL Book,Books,2,8835,0,17670.0,2354.62,Central,Credit Card
ORD0868,2024-11-12 18:31:21.081081,CUST0138,PROD0072,Cookware Set,Home & Kitchen,4,57626,20,184403.2,34692.07,South,Credit Card
ORD0869,2024-11-13 03:17:28.648648,CUST0231,PROD0020,Desk,Furniture,1,24787,5,23547.65,3478.17,West,Credit Card
ORD0870,2024-11-13 12:03:36.216216,CUST0088,PROD0054,Python Book,Books,3,54865,15,139905.75,11354.54,South,Cash on Delivery
ORD0871,2024-11-13 20:49:43.783783,CUST0017,PROD0086,Jacket,Clothing,1,30951,15,26308.35,4445.56,North,Credit Card
ORD0872,2024-11-14 05:35:51.351351,CUST0052,PROD0083,Business Book,Books,3,4966,20,11918.4,2820.58,South,Credit Card
ORD0873,2024-11-14 14:21:58.918918,CUST0134,PROD0030,Headphones,Electronics,4,49077,20,157046.4,34244.47,South,Debit Card
ORD0874,2024-11-14 23:08:06.486486,CUST0211,PROD0053,Python Book,Books,2,17294,5,32858.6,7238.29,South,Debit Card
ORD0875,2024-11-15 07:54:14.054054,CUST0219,PROD0092,Laptop,Electronics,5,2027,5,9628.25,2071.61,South,Cash on Delivery
ORD0876,2024-11-15 16:40:21.621621,CUST0205,PROD0099,Business Book,Books,4,59934,0,239736.0,32372.57,North,Credit Card
ORD0877,2024-11-16 01:26:29.189189,CUST0211,PROD0063,Laptop,Electronics,1,34922,15,29683.7,6236.04,Central,Debit Card
ORD0878,2024-11-16 10:12:36.756756,CUST0277,PROD0011,Sofa,Furniture,5,11100,15,47175.0,4922.12,East,Debit Card
ORD0879,2024-11-16 18:58:44.324324,CUST0024,PROD0031,Cookware Set,Home & Kitchen,2,38123,20,60996.8,11699.9,West,UPI
ORD0880,2024-11-17 03:44:51.891891,CUST0004,PROD0049,Hoodie,Clothing,4,43339,0,173356.0,32775.84,East,Credit Card
ORD0881,2024-11-17 12:30:59.459459,CUST0152,PROD0100,Data Science Book,Books,5,19008,15,80784.0,6813.88,East,Debit Card
ORD0882,2024-11-17 21:17:07.027027,CUST0259,PROD0094,Bottle,Home & Kitchen,4,13119,0,52476.0,11227.5,West,Cash on Delivery
ORD0883,2024-11-18 06:03:14.594594,CUST0168,PROD0087,Hoodie,Clothing,4,9669,0,38676.0,9032.86,North,UPI
ORD0884,2024-11-18 14:49:22.162162,CUST0176,PROD0019,T-Shirt,Clothing,2,9583,20,15332.8,1923.66,West,UPI
ORD0885,2024-11-18 23:35:29.729729,CUST0291,PROD0012,Laptop,Electronics,3,30873,0,92619.0,20200.8,North,Credit Card
ORD0886,2024-11-19 08:21:37.297297,CUST0056,PROD0015,Chair,Furniture,5,13471,5,63987.25,6015.38,East,Credit Card
ORD0887,2024-11-19 17:07:44.864864,CUST0108,PROD0031,Chair,Furniture,2,31233,5,59342.7,10800.05,North,UPI
ORD0888,2024-11-20 01:53:52.432432,CUST0296,PROD0043,Lamp,Home & Kitchen,4,6074,10,21866.4,3554.6,Central,Cash on Delivery
ORD0889,2024-11-20 10:40:00.000000,CUST0141,PROD0037,Sofa,Furniture,2,6819,20,10910.4,1885.39,West,Credit Card
ORD0890,2024-11-20 19:26:07.567567,CUST0155,PROD0079,SQL Book,Books,3,11283,10,30464.1,7233.85,Central,Credit Card
ORD0891,2024-11-21 04:12:15.135135,CUST0262,PROD0029,Bookshelf,Furniture,5,31232,5,148352.0,33842.59,East,UPI
ORD0892,2024-11-21 12:58:22.702702,CUST0273,PROD0026,Lamp,Home & Kitchen,3,31098,10,83964.6,17923.44,West,UPI
ORD0893,2024-11-21 21:44:30.270270,CUST0232,PROD0002,Table,Furniture,1,18433,20,14746.4,1865.84,East,Credit Card
ORD0894,2024-11-22 06:30:37.837837,CUST0241,PROD0084,SQL Book,Books,5,15239,20,60956.0,14325.22,Central,Debit Card
ORD0895,2024-11-22 15:16:45.405405,CUST0258,PROD0015,Laptop,Electronics,3,1081,0,3243.0,313.2,East,Credit Card
ORD0896,2024-11-23 00:02:52.972972,CUST0249,PROD0004,Lamp,Home & Kitchen,4,49350,15,167790.0,37763.82,West,Debit Card
ORD0897,2024-11-23 08:49:00.540540,CUST0077,PROD0086,Mouse,Electronics,5,57000,0,285000.0,38699.36,West,UPI
ORD0898,2024-11-23 17:35:08.108108,CUST0180,PROD0050,Smartphone,Electronics,5,27924,20,111696.0,9956.73,East,Debit Card
ORD0899,2024-11-24 02:21:15.675675,CUST0066,PROD0038,Smartphone,Electronics,2,7123,5,13533.7,2622.71,West,Cash on Delivery
ORD0900,2024-11-24 11:07:23.243243,CUST0171,PROD0023,Shoes,Clothing,4,18789,5,71398.2,8519.06,West,UPI
ORD0901,2024-11-24 19:53:30.810810,CUST0022,PROD0059,Hoodie,Clothing,1,53319,0,53319.0,6473.3,East,Credit Card
ORD0902,2024-11-25 04:39:38.378378,CUST0107,PROD0090,Mouse,Electronics,3,40261,20,96626.4,12757.39,Central,Credit Card
ORD0903,2024-11-25 13:25:45.945945,CUST0227,PROD0075,Cookware Set,Home & Kitchen,2,54428,5,103413.2,9392.65,West,UPI
ORD0904,2024-11-25 22:11:53.513513,CUST0216,PROD0028,Python Book,Books,3,29418,20,70603.2,7774.23,West,UPI
ORD0905,2024-11-26 06:58:01.081081,CUST0069,PROD0066,Novel,Books,1,35181,5,33421.95,2702.96,West,Cash on Delivery
ORD0906,2024-11-26 15:44:08.648648,CUST0084,PROD0008,Desk,Furniture,1,16580,20,13264.0,2065.47,West,UPI
ORD0907,2024-11-27 00:30:16.216216,CUST0103,PROD0029,Cookware Set,Home & Kitchen,5,22563,10,101533.5,9576.99,East,Credit Card
ORD0908,2024-11-27 09:16:23.783783,CUST0039,PROD0011,Hoodie,Clothing,1,13865,20,11092.0,2174.6,Central,Cash on Delivery
ORD0909,2024-11-27 18:02:31.351351,CUST0013,PROD0018,Keyboard,Electronics,3,20654,20,49569.6,5951.12,Central,Credit Card
ORD0910,2024-11-28 02:48:38.918918,CUST0297,PROD0055,Sofa,Furniture,4,43251,0,173004.0,41591.48,North,Debit Card
ORD0911,2024-11-28 11:34:46.486486,CUST0181,PROD0050,Data Science Book,Books,4,25943,10,93394.8,21304.55,West,UPI
ORD0912,2024-11-28 20:20:54.054054,CUST0268,PROD0014,Jeans,Clothing,5,23948,15,101779.0,13150.35,West,Debit Card
ORD0913,2024-11-29 05:07:01.621621,CUST0013,PROD0074,Shoes,Clothing,3,51029,0,153087.0,32629.98,North,Credit Card
ORD0914,2024-11-29 13:53:09.189189,CUST0120,PROD0099,Headphones,Electronics,3,42271,15,107791.05,23342.33,Central,Debit Card
ORD0915,2024-11-29 22:39:16.756756,CUST0057,PROD0009,Data Science Book,Books,1,18958,5,18010.1,4461.39,South,Debit Card
ORD0916,2024-11-30 07:25:24.324324,CUST0040,PROD0099,Coffee Maker,Home & Kitchen,3,21553,15,54960.15,9982.57,South,Credit Card
ORD0917,2024-11-30 16:11:31.891891,CUST0128,PROD0011,Hoodie,Clothing,2,48863,20,78180.8,7343.85,Central,Credit Card
ORD0918,2024-12-01 00:57:39.459459,CUST0173,PROD0063,Headphones,Electronics,1,26690,15,22686.5,4309.58,West,UPI
ORD0919,2024-12-01 09:43:47.027027,CUST0035,PROD0076,Coffee Maker,Home & Kitchen,2,23428,0,46856.0,8726.77,South,Debit Card
ORD0920,2024-12-01 18:29:54.594594,CUST0259,PROD0067,Novel,Books,5,51878,0,259390.0,48900.1,East,Cash on Delivery
ORD0921,2024-12-02 03:16:02.162162,CUST0005,PROD0053,T-Shirt,Clothing,4,13789,15,46882.6,6198.57,East,Cash on Delivery
ORD0922,2024-12-02 12:02:09.729729,CUST0218,PROD0039,Bottle,Home & Kitchen,5,38614,0,193070.0,43661.92,North,Credit Card
ORD0923,2024-12-02 20:48:17.297297,CUST0011,PROD0078,Lamp,Home & Kitchen,4,32958,0,131832.0,32049.71,Central,Credit Card
ORD0924,2024-12-03 05:34:24.864864,CUST0117,PROD0056,Lamp,Home & Kitchen,5,7152,15,30396.0,3556.67,Central,Debit Card
ORD0925,2024-12-03 14:20:32.432432,CUST0184,PROD0028,Shoes,Clothing,3,29750,10,80325.0,7629.74,South,Credit Card
ORD0926,2024-12-03 23:06:40.000000,CUST0116,PROD0075,Hoodie,Clothing,2,2851,10,5131.8,580.26,West,Cash on Delivery
ORD0927,2024-12-04 07:52:47.567567,CUST0162,PROD0039,Desk,Furniture,4,6711,5,25501.8,5597.49,Central,UPI
ORD0928,2024-12-04 16:38:55.135135,CUST0067,PROD0025,Data Science Book,Books,1,49459,0,49459.0,9645.97,South,UPI
ORD0929,2024-12-05 01:25:02.702702,CUST0200,PROD0021,Smartphone,Electronics,2,57539,15,97816.3,18401.99,South,Debit Card
ORD0930,2024-12-05 10:11:10.270270,CUST0031,PROD0010,Coffee Maker,Home & Kitchen,1,52007,0,52007.0,7712.89,Central,UPI
ORD0931,2024-12-05 18:57:17.837837,CUST0075,PROD0043,Sofa,Furniture,2,33543,20,53668.8,9565.43,South,Credit Card
ORD0932,2024-12-06 03:43:25.405405,CUST0237,PROD0015,Mouse,Electronics,2,22100,0,44200.0,5849.37,North,Credit Card
ORD0933,2024-12-06 12:29:32.972972,CUST0066,PROD0083,Sofa,Furniture,5,10703,0,53515.0,8622.55,North,Credit Card
ORD0934,2024-12-06 21:15:40.540540,CUST0070,PROD0048,Jacket,Clothing,4,58128,10,209260.8,44953.55,Central,Credit Card
ORD0935,2024-12-07 06:01:48.108108,CUST0297,PROD0086,Coffee Maker,Home & Kitchen,4,7539,15,25632.6,6326.41,West,Debit Card
ORD0936,2024-12-07 14:47:55.675675,CUST0020,PROD0021,Keyboard,Electronics,2,7010,0,14020.0,3344.09,North,UPI
ORD0937,2024-12-07 23:34:03.243243,CUST0226,PROD0060,Headphones,Electronics,3,21684,10,58546.8,13978.47,North,Cash on Delivery
ORD0938,2024-12-08 08:20:10.810810,CUST0199,PROD0096,Smartphone,Electronics,3,21338,5,60813.3,9023.36,Central,UPI
ORD0939,2024-12-08 17:06:18.378378,CUST0039,PROD0050,Keyboard,Electronics,1,41146,10,37031.4,5913.7,East,Credit Card
ORD0940,2024-12-09 01:52:25.945945,CUST0145,PROD0023,Smartphone,Electronics,1,22747,10,20472.3,4093.6,South,Cash on Delivery
ORD0941,2024-12-09 10:38:33.513513,CUST0045,PROD0013,Table,Furniture,5,2585,10,11632.5,2754.26,North,Debit Card
ORD0942,2024-12-09 19:24:41.081081,CUST0091,PROD0069,Mixer,Home & Kitchen,2,38291,0,76582.0,7975.17,East,Credit Card
ORD0943,2024-12-10 04:10:48.648648,CUST0238,PROD0004,Hoodie,Clothing,1,13821,0,13821.0,1820.52,West,Credit Card
ORD0944,2024-12-10 12:56:56.216216,CUST0070,PROD0092,Shoes,Clothing,1,47957,5,45559.15,4723.21,East,Cash on Delivery
ORD0945,2024-12-10 21:43:03.783783,CUST0166,PROD0078,Jeans,Clothing,2,7271,20,11633.6,2141.06,Central,Debit Card
ORD0946,2024-12-11 06:29:11.351351,CUST0130,PROD0072,T-Shirt,Clothing,5,29439,20,117756.0,15552.17,West,Cash on Delivery
ORD0947,2024-12-11 15:15:18.918918,CUST0214,PROD0009,Bookshelf,Furniture,1,20209,20,16167.2,2189.66,West,Debit Card
ORD0948,2024-12-12 00:01:26.486486,CUST0089,PROD0035,Novel,Books,5,11831,5,56197.25,5173.28,East,Credit Card
ORD0949,2024-12-12 08:47:34.054054,CUST0252,PROD0021,Cookware Set,Home & Kitchen,4,15021,20,48067.2,6703.71,Central,UPI
ORD0950,2024-12-12 17:33:41.621621,CUST0072,PROD0058,Mouse,Electronics,5,19506,20,78024.0,17682.14,North,Credit Card
ORD0951,2024-12-13 02:19:49.189189,CUST0165,PROD0018,Python Book,Books,3,38011,10,102629.7,12276.81,East,UPI
ORD0952,2024-12-13 11:05:56.756756,CUST0049,PROD0097,Jeans,Clothing,3,6830,0,20490.0,4060.75,North,UPI
ORD0953,2024-12-13 19:52:04.324324,CUST0052,PROD0072,Business Book,Books,5,11416,0,57080.0,10676.06,East,Debit Card
ORD0954,2024-12-14 04:38:11.891891,CUST0289,PROD0081,Cookware Set,Home & Kitchen,3,558,10,1506.6,341.69,North,Cash on Delivery
ORD0955,2024-12-14 13:24:19.459459,CUST0278,PROD0043,Keyboard,Electronics,4,582,10,2095.2,214.73,East,Debit Card
ORD0956,2024-12-14 22:10:27.027027,CUST0114,PROD0095,Keyboard,Electronics,2,14237,10,25626.6,6309.02,West,Credit Card
ORD0957,2024-12-15 06:56:34.594594,CUST0239,PROD0098,Bottle,Home & Kitchen,3,2198,0,6594.0,1180.64,South,Cash on Delivery
ORD0958,2024-12-15 15:42:42.162162,CUST0133,PROD0006,Mixer,Home & Kitchen,3,4435,20,10644.0,2652.81,West,UPI
ORD0959,2024-12-16 00:28:49.729729,CUST0274,PROD0086,Shoes,Clothing,5,6929,10,31180.5,7326.09,North,UPI
ORD0960,2024-12-16 09:14:57.297297,CUST0166,PROD0078,Mouse,Electronics,4,44236,5,168096.8,19777.92,Central,Credit Card
ORD0961,2024-12-16 18:01:04.864864,CUST0293,PROD0067,SQL Book,Books,2,59911,10,107839.8,9656.79,West,Cash on Delivery
ORD0962,2024-12-17 02:47:12.432432,CUST0243,PROD0012,Bookshelf,Furniture,5,19884,15,84507.0,10433.12,South,Credit Card
ORD0963,2024-12-17 11:33:20.000000,CUST0138,PROD0100,Desk,Furniture,5,54562,10,245529.0,41662.79,North,Credit Card
ORD0964,2024-12-17 20:19:27.567567,CUST0079,PROD0012,Coffee Maker,Home & Kitchen,4,23851,0,95404.0,10415.39,West,Debit Card
ORD0965,2024-12-18 05:05:35.135135,CUST0170,PROD0066,Shoes,Clothing,2,33680,10,60624.0,6575.77,East,Credit Card
ORD0966,2024-12-18 13:51:42.702702,CUST0123,PROD0002,Chair,Furniture,4,47271,15,160721.4,25496.99,Central,Cash on Delivery
ORD0967,2024-12-18 22:37:50.270270,CUST0176,PROD0015,Smartphone,Electronics,2,17371,5,33004.9,2827.05,North,Credit Card
ORD0968,2024-12-19 07:23:57.837837,CUST0300,PROD0023,Mixer,Home & Kitchen,4,20374,20,65196.8,6566.69,West,Cash on Delivery
ORD0969,2024-12-19 16:10:05.405405,CUST0082,PROD0029,SQL Book,Books,5,25488,10,114696.0,17284.28,North,UPI
ORD0970,2024-12-20 00:56:12.972972,CUST0087,PROD0081,Cookware Set,Home & Kitchen,5,2607,15,11079.75,1005.29,East,Credit Card
ORD0971,2024-12-20 09:42:20.540540,CUST0225,PROD0096,Python Book,Books,1,40201,15,34170.85,5038.44,South,Cash on Delivery
ORD0972,2024-12-20 18:28:28.108108,CUST0016,PROD0007,Coffee Maker,Home & Kitchen,3,11505,5,32789.25,5265.33,West,UPI
ORD0973,2024-12-21 03:14:35.675675,CUST0163,PROD0094,Cookware Set,Home & Kitchen,4,55961,0,223844.0,35079.79,North,Cash on Delivery
ORD0974,2024-12-21 12:00:43.243243,CUST0098,PROD0028,Mixer,Home & Kitchen,1,59425,10,53482.5,12181.16,North,UPI
ORD0975,2024-12-21 20:46:50.810810,CUST0156,PROD0014,SQL Book,Books,3,6206,15,15825.3,2692.05,North,Debit Card
ORD0976,2024-12-22 05:32:58.378378,CUST0002,PROD0044,Data Science Book,Books,4,2891,5,10985.8,1752.86,South,Credit Card
ORD0977,2024-12-22 14:19:05.945945,CUST0169,PROD0030,Coffee Maker,Home & Kitchen,2,15449,20,24718.4,3703.32,North,Credit Card
ORD0978,2024-12-22 23:05:13.513513,CUST0092,PROD0081,Sofa,Furniture,3,45218,15,115305.9,25251.53,Central,UPI
ORD0979,2024-12-23 07:51:21.081081,CUST0181,PROD0032,Jeans,Clothing,5,40251,5,191192.25,44387.12,Central,Debit Card
ORD0980,2024-12-23 16:37:28.648648,CUST0231,PROD0070,Jacket,Clothing,1,54700,0,54700.0,12310.3,North,Cash on Delivery
ORD0981,2024-12-24 01:23:36.216216,CUST0148,PROD0088,Shoes,Clothing,3,25450,0,76350.0,14850.3,Central,Debit Card
ORD0982,2024-12-24 10:09:43.783783,CUST0280,PROD0006,Novel,Books,3,32152,15,81987.6,8473.54,West,Cash on Delivery
ORD0983,2024-12-24 18:55:51.351351,CUST0189,PROD0027,SQL Book,Books,5,43170,15,183472.5,23313.46,Central,Cash on Delivery
ORD0984,2024-12-25 03:41:58.918918,CUST0128,PROD0082,Chair,Furniture,4,54560,10,196416.0,17251.36,North,Credit Card
ORD0985,2024-12-25 12:28:06.486486,CUST0007,PROD0088,Jeans,Clothing,2,53056,5,100806.4,24016.13,East,UPI
ORD0986,2024-12-25 21:14:14.054054,CUST0047,PROD0024,Jacket,Clothing,5,50121,15,213014.25,40970.26,West,Credit Card
ORD0987,2024-12-26 06:00:21.621621,CUST0053,PROD0034,Bottle,Home & Kitchen,2,53816,10,96868.8,20040.38,South,Credit Card
ORD0988,2024-12-26 14:46:29.189189,CUST0187,PROD0040,SQL Book,Books,4,56781,10,204411.6,27180.04,North,Credit Card
ORD0989,2024-12-26 23:32:36.756756,CUST0038,PROD0047,T-Shirt,Clothing,3,1583,15,4036.65,903.25,South,Cash on Delivery
ORD0990,2024-12-27 08:18:44.324324,CUST0226,PROD0079,Table,Furniture,2,33991,0,67982.0,8438.78,East,Credit Card
ORD0991,2024-12-27 17:04:51.891891,CUST0053,PROD0075,Desk,Furniture,1,1425,5,1353.75,108.68,South,Cash on Delivery
ORD0992,2024-12-28 01:50:59.459459,CUST0224,PROD0086,T-Shirt,Clothing,1,1829,5,1737.55,250.19,North,UPI
ORD0993,2024-12-28 10:37:07.027027,CUST0154,PROD0024,Data Science Book,Books,5,26470,0,132350.0,23429.85,North,Cash on Delivery
ORD0994,2024-12-28 19:23:14.594594,CUST0048,PROD0065,Sofa,Furniture,4,8738,15,29709.2,4794.47,East,Cash on Delivery
ORD0995,2024-12-29 04:09:22.162162,CUST0147,PROD0018,Cookware Set,Home & Kitchen,5,20395,5,96876.25,21947.6,North,Debit Card
ORD0996,2024-12-29 12:55:29.729729,CUST0064,PROD0044,Chair,Furniture,5,16454,15,69929.5,6847.42,East,Credit Card
ORD0997,2024-12-29 21:41:37.297297,CUST0182,PROD0076,Mouse,Electronics,5,8304,15,35292.0,6146.1,East,Credit Card
ORD0998,2024-12-30 06:27:44.864864,CUST0125,PROD0057,Laptop,Electronics,1,10052,10,9046.8,1512.68,North,Credit Card
ORD0999,2024-12-30 15:13:52.432432,CUST0179,PROD0028,Business Book,Books,1,55726,0,55726.0,7123.83,Central,Credit Card
ORD1000,2024-12-31 00:00:00.000000,CUST0039,PROD0071,Jacket,Clothing,5,43660,15,185555.0,40781.05,East,Debit Card
